/*
SQLyog Community Edition- MySQL GUI v6.04
Host - 5.6.21-log : Database - gray
*********************************************************************
Server version : 5.6.21-log
*/

/*!40101 SET NAMES utf8 */;

/*!40101 SET SQL_MODE=''*/;

create database if not exists `gray`;

USE `gray`;

/*!40014 SET @OLD_FOREIGN_KEY_CHECKS=@@FOREIGN_KEY_CHECKS, FOREIGN_KEY_CHECKS=0 */;
/*!40101 SET @OLD_SQL_MODE=@@SQL_MODE, SQL_MODE='NO_AUTO_VALUE_ON_ZERO' */;

/*Table structure for table `admin_organization` */

DROP TABLE IF EXISTS `admin_organization`;

CREATE TABLE `admin_organization` (
  `id` bigint(19) NOT NULL AUTO_INCREMENT COMMENT '主键id',
  `name` varchar(64) NOT NULL COMMENT '组织名',
  `address` varchar(100) DEFAULT NULL COMMENT '地址',
  `code` varchar(64) NOT NULL COMMENT '编号',
  `icon` varchar(32) DEFAULT NULL COMMENT '图标',
  `pid` bigint(19) DEFAULT NULL COMMENT '父级主键',
  `seq` tinyint(2) NOT NULL DEFAULT '0' COMMENT '排序',
  `create_time` datetime NOT NULL COMMENT '创建时间',
  PRIMARY KEY (`id`)
) ENGINE=InnoDB AUTO_INCREMENT=11 DEFAULT CHARSET=utf8 COMMENT='组织机构';

/*Data for the table `admin_organization` */

insert  into `admin_organization`(`id`,`name`,`address`,`code`,`icon`,`pid`,`seq`,`create_time`) values (1,'总经办','王家桥','01','fi-social-windows',NULL,0,'2014-02-19 01:00:00'),(3,'技术部','','02','fi-social-github',NULL,1,'2015-10-01 13:10:42'),(5,'产品部','','03','fi-social-apple',NULL,2,'2015-12-06 12:15:30'),(6,'测试组','','04','fi-shuffle',3,0,'2015-12-06 13:12:18'),(7,'支付平台','','06','fi-social-smashing-mag',3,0,'2017-03-22 15:12:13'),(8,'支付应用','','07','fi-social-smashing-mag',3,0,'2017-03-22 15:12:33');

/*Table structure for table `admin_resource` */

DROP TABLE IF EXISTS `admin_resource`;

CREATE TABLE `admin_resource` (
  `id` bigint(19) NOT NULL AUTO_INCREMENT COMMENT '主键',
  `name` varchar(64) NOT NULL COMMENT '资源名称',
  `url` varchar(100) DEFAULT NULL COMMENT '资源路径',
  `open_mode` varchar(32) DEFAULT NULL COMMENT '打开方式 ajax,iframe',
  `description` varchar(255) DEFAULT NULL COMMENT '资源介绍',
  `icon` varchar(32) DEFAULT NULL COMMENT '资源图标',
  `pid` bigint(19) DEFAULT NULL COMMENT '父级资源id',
  `seq` tinyint(2) NOT NULL DEFAULT '0' COMMENT '排序',
  `status` tinyint(2) NOT NULL DEFAULT '0' COMMENT '状态',
  `opened` tinyint(2) NOT NULL DEFAULT '1' COMMENT '打开状态',
  `resource_type` tinyint(2) NOT NULL DEFAULT '0' COMMENT '资源类别',
  `create_time` datetime NOT NULL COMMENT '创建时间',
  PRIMARY KEY (`id`)
) ENGINE=InnoDB AUTO_INCREMENT=283 DEFAULT CHARSET=utf8 COMMENT='资源';

/*Data for the table `admin_resource` */

insert  into `admin_resource`(`id`,`name`,`url`,`open_mode`,`description`,`icon`,`pid`,`seq`,`status`,`opened`,`resource_type`,`create_time`) values (1,'权限管理','',NULL,'系统管理','icon-help',NULL,3,0,1,0,'2014-02-19 01:00:00'),(11,'资源管理','/resource/manager','ajax','资源管理','fi-database',1,1,0,1,0,'2014-02-19 01:00:00'),(12,'角色管理','/role/manager','ajax','角色管理','fi-torso-business',1,2,0,1,0,'2014-02-19 01:00:00'),(13,'用户管理','/user/manager','ajax','用户管理','fi-torsos-all',1,3,0,1,0,'2014-02-19 01:00:00'),(14,'部门管理','/organization/manager','ajax','部门管理','fi-results-demographics',1,4,0,1,0,'2014-02-19 01:00:00'),(111,'列表','/resource/treeGrid','ajax','资源列表','fi-list',11,0,0,1,1,'2014-02-19 01:00:00'),(112,'添加','/resource/add','ajax','资源添加','fi-page-add',11,0,0,1,1,'2014-02-19 01:00:00'),(113,'编辑','/resource/edit','ajax','资源编辑','fi-page-edit',11,0,0,1,1,'2014-02-19 01:00:00'),(114,'删除','/resource/delete','ajax','资源删除','fi-page-delete',11,0,0,1,1,'2014-02-19 01:00:00'),(121,'列表','/role/dataGrid','ajax','角色列表','fi-list',12,0,0,1,1,'2014-02-19 01:00:00'),(122,'添加','/role/add','ajax','角色添加','fi-page-add',12,0,0,1,1,'2014-02-19 01:00:00'),(123,'编辑','/role/edit','ajax','角色编辑','fi-page-edit',12,0,0,1,1,'2014-02-19 01:00:00'),(124,'删除','/role/delete','ajax','角色删除','fi-page-delete',12,0,0,1,1,'2014-02-19 01:00:00'),(125,'授权','/role/grant','ajax','角色授权','fi-check',12,0,0,1,1,'2014-02-19 01:00:00'),(131,'列表','/user/dataGrid','ajax','用户列表','fi-list',13,0,0,1,1,'2014-02-19 01:00:00'),(132,'添加','/user/add','ajax','用户添加','fi-page-add',13,0,0,1,1,'2014-02-19 01:00:00'),(133,'编辑','/user/edit','ajax','用户编辑','fi-page-edit',13,0,0,1,1,'2014-02-19 01:00:00'),(134,'删除','/user/delete','ajax','用户删除','fi-page-delete',13,0,0,1,1,'2014-02-19 01:00:00'),(141,'列表','/organization/treeGrid','ajax','用户列表','fi-list',14,0,0,1,1,'2014-02-19 01:00:00'),(142,'添加','/organization/add','ajax','部门添加','fi-page-add',14,0,0,1,1,'2014-02-19 01:00:00'),(143,'编辑','/organization/edit','ajax','部门编辑','fi-page-edit',14,0,0,1,1,'2014-02-19 01:00:00'),(144,'删除','/organization/delete','ajax','部门删除','fi-page-delete',14,0,0,1,1,'2014-02-19 01:00:00'),(221,'日志监控','',NULL,NULL,'icon-list',NULL,2,0,0,0,'2015-12-01 11:44:20'),(226,'修改密码','/user/editPwdPage','ajax',NULL,'icon-lock',NULL,3,0,1,1,'2015-12-07 20:23:06'),(227,'审计日志','/sysLog/manager','ajax',NULL,'fi-info',221,0,0,1,0,'2016-09-30 22:10:53'),(228,'Druid监控','/druid','iframe',NULL,'fi-monitor',221,0,0,1,0,'2016-09-30 22:12:50'),(229,'系统图标','/icons.html','ajax',NULL,'fi-photo',221,0,0,1,0,'2016-12-24 15:53:47'),(230,'灰度管理','',NULL,NULL,'icon-cut',NULL,0,0,0,0,'2017-03-09 20:02:07'),(231,'白名单分组','/whiteListGroup/manager',NULL,NULL,'fi-torsos-all',230,0,0,1,0,'2017-03-09 20:02:52'),(232,'白名单管理','/whiteList/manager',NULL,NULL,'fi-male-female',230,1,0,1,0,'2017-03-09 20:03:14'),(233,'列表','/whiteListGroup/dataGrid','ajax',NULL,'fi-list',231,0,0,1,1,'2017-03-16 14:16:03'),(234,'添加','/whiteListGroup/add','ajax',NULL,'fi-page-add',231,0,0,1,1,'2017-03-16 14:39:03'),(235,'编辑','/whiteListGroup/edit',NULL,NULL,'fi-page-edit',231,0,0,1,1,'2017-03-16 16:18:32'),(236,'删除','/whiteListGroup/delete','ajax',NULL,'fi-page-delete',231,0,0,1,1,'2017-03-16 16:43:06'),(238,'列表','/whiteList/dataGrid','ajax',NULL,'fi-list',232,0,0,1,1,'2017-03-16 14:16:03'),(239,'添加','/whiteList/add','ajax',NULL,'fi-page-add',232,0,0,1,1,'2017-03-16 14:39:03'),(240,'编辑','/whiteList/edit',NULL,NULL,'fi-page-edit',232,0,0,1,1,'2017-03-16 16:18:32'),(241,'删除','/whiteList/delete','ajax',NULL,'fi-page-delete',232,0,0,1,1,'2017-03-16 16:43:06'),(244,'应用管理','/application/manager',NULL,NULL,'fi-web',230,3,0,1,0,'2017-03-09 20:02:52'),(245,'列表','/application/dataGrid','ajax',NULL,'fi-list',244,0,0,1,1,'2017-03-16 14:16:03'),(246,'添加','/application/add','ajax',NULL,'fi-page-add',244,0,0,1,1,'2017-03-16 14:39:03'),(247,'编辑','/application/edit',NULL,NULL,'fi-page-edit',244,0,0,1,1,'2017-03-16 16:18:32'),(248,'删除','/application/delete','ajax',NULL,'fi-page-delete',244,0,0,1,1,'2017-03-16 16:43:06'),(251,'策略管理','/strategy/manager',NULL,NULL,'fi-contrast',230,2,0,1,0,'2017-03-09 20:02:52'),(252,'列表','/strategy/dataGrid','ajax',NULL,'fi-list',251,0,0,1,1,'2017-03-16 14:16:03'),(253,'添加','/strategy/add','ajax',NULL,'fi-page-add',251,0,0,1,1,'2017-03-16 14:39:03'),(254,'编辑','/strategy/edit',NULL,NULL,'fi-page-edit',251,0,0,1,1,'2017-03-16 16:18:32'),(255,'删除','/strategy/delete','ajax',NULL,'fi-page-delete',251,0,0,1,1,'2017-03-16 16:43:06'),(259,'白名单','/application/whitelistPage','ajax',NULL,'fi-torsos',244,0,0,1,1,'2017-03-20 10:34:48'),(260,'应用灰度','/applicationGray/manager',NULL,NULL,'fi-rss',230,5,0,1,0,'2017-03-20 18:57:34'),(261,'启动灰度','/applicationGray/startApplicationGray','ajax',NULL,'fi-share',260,0,0,1,1,'2017-03-20 19:00:16'),(262,'停止灰度','/applicationGray/stopApplicationGray','ajax',NULL,'fi-x-circle',260,0,0,1,1,'2017-03-21 11:00:56'),(263,'刷新白名单','/applicationGray/reloadApplicationWhitelist',NULL,NULL,'fi-male-female',260,0,0,1,1,'2017-03-21 11:02:44'),(264,'批量开启灰度','/applicationGray/startApplicationGray','ajax',NULL,'fi-refresh',260,0,0,1,1,'2017-03-21 11:08:32'),(265,'批量关闭灰度','/applicationGray/stopApplicationGray','ajax',NULL,'fi-refresh',260,0,0,1,1,'2017-03-21 11:09:09'),(267,'应用服务','/applicationService/manager','ajax',NULL,'fi-volume',230,4,0,1,0,'2017-03-21 18:50:30'),(268,'服务添加','/applicationService/add','ajax',NULL,'fi-page-add',267,0,0,1,1,'2017-03-21 19:02:25'),(269,'服务编辑','/applicationService/edit','ajax',NULL,'fi-page-edit',267,0,0,1,1,'2017-03-21 19:03:09'),(270,'服务删除','/applicationService/delete','ajax',NULL,'fi-page-delete',267,0,0,1,1,'2017-03-21 19:03:44'),(271,'服务白名单','/applicationService/whitelistPage','ajax',NULL,'fi-torsos',267,0,0,1,1,'2017-03-21 19:05:56'),(272,'服务灰度','/serviceGray/manager',NULL,NULL,'fi-bluetooth',230,6,0,1,0,'2017-03-20 18:57:34'),(273,'启动灰度','/serviceGray/startServiceGray','ajax',NULL,'fi-share',272,0,0,1,1,'2017-03-20 19:00:16'),(274,'停止灰度','/serviceGray/stopServiceGray','ajax',NULL,'fi-x-circle',272,0,0,1,1,'2017-03-21 11:00:56'),(275,'刷新白名单','/serviceGray/reloadServiceWhitelist',NULL,NULL,'fi-male-female',272,0,0,1,1,'2017-03-21 11:02:44'),(276,'批量开启灰度','/serviceGray/startServiceGray','ajax',NULL,'fi-refresh',272,0,0,1,1,'2017-03-21 11:08:32'),(277,'批量关闭灰度','/serviceGray/stopServiceGray','ajax',NULL,'fi-refresh',272,0,0,1,1,'2017-03-21 11:09:09'),(279,'更新策略','/applicationGray/reloadApplicationStrategy','ajax',NULL,'fi-contrast',260,0,0,1,1,'2017-03-24 10:35:09'),(280,'更新策略','/serviceGray/reloadServiceStrategy','ajax',NULL,'fi-contrast',272,0,0,1,1,'2017-03-24 10:35:55'),(281,'全部停止灰度','/applicationGray/closeAllGray','ajax',NULL,'fi-minus-circle',260,0,0,1,1,'2017-03-24 13:15:51');

/*Table structure for table `admin_role` */

DROP TABLE IF EXISTS `admin_role`;

CREATE TABLE `admin_role` (
  `id` bigint(19) NOT NULL AUTO_INCREMENT COMMENT '主键id',
  `name` varchar(64) NOT NULL COMMENT '角色名',
  `seq` tinyint(2) NOT NULL DEFAULT '0' COMMENT '排序号',
  `description` varchar(255) DEFAULT NULL COMMENT '简介',
  `status` tinyint(2) NOT NULL DEFAULT '0' COMMENT '状态',
  PRIMARY KEY (`id`)
) ENGINE=InnoDB AUTO_INCREMENT=10 DEFAULT CHARSET=utf8 COMMENT='角色';

/*Data for the table `admin_role` */

insert  into `admin_role`(`id`,`name`,`seq`,`description`,`status`) values (1,'admin',0,'超级管理员',0),(2,'de',0,'技术部经理',0),(7,'pm',0,'产品部经理',0),(8,'test',0,'测试账户',0);

/*Table structure for table `admin_role_resource` */

DROP TABLE IF EXISTS `admin_role_resource`;

CREATE TABLE `admin_role_resource` (
  `id` bigint(19) NOT NULL AUTO_INCREMENT COMMENT '主键id',
  `role_id` bigint(19) NOT NULL COMMENT '角色id',
  `resource_id` bigint(19) NOT NULL COMMENT '资源id',
  PRIMARY KEY (`id`)
) ENGINE=InnoDB AUTO_INCREMENT=1570 DEFAULT CHARSET=utf8 COMMENT='角色资源';

/*Data for the table `admin_role_resource` */

insert  into `admin_role_resource`(`id`,`role_id`,`resource_id`) values (158,3,1),(159,3,11),(160,3,111),(161,3,112),(162,3,113),(163,3,114),(164,3,12),(165,3,121),(166,3,122),(167,3,123),(168,3,124),(169,3,125),(170,3,13),(171,3,131),(172,3,132),(173,3,133),(174,3,134),(175,3,14),(176,3,141),(177,3,142),(178,3,143),(179,3,144),(359,7,1),(360,7,14),(361,7,141),(362,7,142),(363,7,143),(364,7,222),(365,7,223),(366,7,224),(367,7,221),(368,7,226),(437,2,1),(438,2,13),(439,2,131),(440,2,132),(441,2,133),(442,2,222),(443,2,223),(444,2,224),(445,2,221),(446,2,227),(447,2,228),(448,8,1),(449,8,11),(450,8,111),(451,8,12),(452,8,121),(453,8,13),(454,8,131),(455,8,14),(456,8,141),(457,8,222),(458,8,223),(459,8,224),(460,8,221),(461,8,227),(462,8,228),(478,8,229),(1501,1,230),(1502,1,231),(1503,1,233),(1504,1,234),(1505,1,235),(1506,1,236),(1507,1,232),(1508,1,238),(1509,1,239),(1510,1,240),(1511,1,241),(1512,1,251),(1513,1,252),(1514,1,253),(1515,1,254),(1516,1,255),(1517,1,244),(1518,1,259),(1519,1,245),(1520,1,246),(1521,1,247),(1522,1,248),(1523,1,267),(1524,1,268),(1525,1,269),(1526,1,270),(1527,1,271),(1528,1,260),(1529,1,261),(1530,1,262),(1531,1,263),(1532,1,264),(1533,1,265),(1534,1,279),(1535,1,281),(1536,1,272),(1537,1,273),(1538,1,274),(1539,1,275),(1540,1,276),(1541,1,277),(1542,1,280),(1543,1,221),(1544,1,227),(1545,1,228),(1546,1,229),(1547,1,1),(1548,1,11),(1549,1,111),(1550,1,112),(1551,1,113),(1552,1,114),(1553,1,12),(1554,1,121),(1555,1,122),(1556,1,123),(1557,1,124),(1558,1,125),(1559,1,13),(1560,1,131),(1561,1,132),(1562,1,133),(1563,1,134),(1564,1,14),(1565,1,141),(1566,1,142),(1567,1,143),(1568,1,144),(1569,1,226);

/*Table structure for table `admin_sys_log` */

DROP TABLE IF EXISTS `admin_sys_log`;

CREATE TABLE `admin_sys_log` (
  `id` bigint(20) NOT NULL AUTO_INCREMENT COMMENT '主键id',
  `login_name` varchar(255) DEFAULT NULL COMMENT '登陆名',
  `role_name` varchar(255) DEFAULT NULL COMMENT '角色名',
  `opt_content` varchar(1024) DEFAULT NULL COMMENT '内容',
  `client_ip` varchar(255) DEFAULT NULL COMMENT '客户端ip',
  `create_time` datetime NOT NULL COMMENT '创建时间',
  PRIMARY KEY (`id`)
) ENGINE=InnoDB AUTO_INCREMENT=1420 DEFAULT CHARSET=utf8 COMMENT='系统日志';

/*Data for the table `admin_sys_log` */

insert  into `admin_sys_log`(`id`,`login_name`,`role_name`,`opt_content`,`client_ip`,`create_time`) values (391,'test','test','[类名]:com.wangzhixuan.controller.LoginController,[方法]:logout,[参数]:',NULL,'2017-03-08 13:19:46'),(392,'test','test','[类名]:com.wangzhixuan.controller.LoginController,[方法]:logout,[参数]:',NULL,'2017-03-08 13:23:51'),(393,'admin','admin','[类名]:com.gray.controller.RoleController,[方法]:editPage,[参数]:id=1&_=1488951510546&','127.0.0.1','2017-03-08 13:39:10'),(394,'admin','admin','[类名]:com.gray.controller.RoleController,[方法]:edit,[参数]:id=1&name=admin&seq=0&status=0&description=超级管理员&','127.0.0.1','2017-03-08 13:39:14'),(395,'admin','admin','[类名]:com.gray.controller.UserController,[方法]:editPwdPage,[参数]:',NULL,'2017-03-08 13:39:17'),(396,'admin','admin','[类名]:com.gray.controller.UserController,[方法]:editUserPwd,[参数]:oldPwd=test&pwd=admin&rePwd=admin&','127.0.0.1','2017-03-08 13:39:27'),(397,'admin','admin','[类名]:com.gray.controller.ResourceController,[方法]:editPage,[参数]:id=1&_=1488951510550&','127.0.0.1','2017-03-08 13:39:50'),(398,'admin','admin','[类名]:com.gray.sys.controller.LoginController,[方法]:logout,[参数]:',NULL,'2017-03-08 14:26:40'),(399,'admin','admin','[类名]:com.gray.sys.controller.ResourceController,[方法]:addPage,[参数]:',NULL,'2017-03-09 20:01:24'),(400,'admin','admin','[类名]:com.gray.sys.controller.ResourceController,[方法]:add,[参数]:name=灰度管理&resourceType=0&url=&openMode=ajax&icon=&seq=0&status=0&opened=0&pid=&','127.0.0.1','2017-03-09 20:02:07'),(401,'admin','admin','[类名]:com.gray.sys.controller.ResourceController,[方法]:addPage,[参数]:',NULL,'2017-03-09 20:02:14'),(402,'admin','admin','[类名]:com.gray.sys.controller.ResourceController,[方法]:add,[参数]:name=白名单分组&resourceType=0&url=&openMode=ajax&icon=&seq=0&status=0&opened=0&pid=230&','127.0.0.1','2017-03-09 20:02:52'),(403,'admin','admin','[类名]:com.gray.sys.controller.ResourceController,[方法]:addPage,[参数]:',NULL,'2017-03-09 20:03:00'),(404,'admin','admin','[类名]:com.gray.sys.controller.ResourceController,[方法]:add,[参数]:name=白名单管理&resourceType=0&url=&openMode=ajax&icon=&seq=0&status=0&opened=0&pid=230&','127.0.0.1','2017-03-09 20:03:14'),(405,'admin','admin','[类名]:com.gray.sys.controller.ResourceController,[方法]:editPage,[参数]:id=1&_=1489060997705&','127.0.0.1','2017-03-09 20:04:04'),(406,'admin','admin','[类名]:com.gray.sys.controller.ResourceController,[方法]:edit,[参数]:id=1&name=权限管理&resourceType=0&url=&openMode=&icon=fi-folder&seq=3&status=0&opened=1&pid=&','127.0.0.1','2017-03-09 20:04:14'),(407,'admin','admin','[类名]:com.gray.sys.controller.ResourceController,[方法]:editPage,[参数]:id=230&_=1489060997708&','127.0.0.1','2017-03-09 20:04:45'),(408,'admin','admin','[类名]:com.gray.sys.controller.ResourceController,[方法]:editPage,[参数]:id=230&_=1489060997709&','127.0.0.1','2017-03-09 20:06:12'),(409,'admin','admin','[类名]:com.gray.sys.controller.ResourceController,[方法]:edit,[参数]:id=230&name=灰度管理&resourceType=0&url=&openMode=&icon=fi-cloud&seq=0&status=0&opened=0&pid=&','127.0.0.1','2017-03-09 20:06:17'),(410,'admin','admin','[类名]:com.gray.sys.controller.RoleController,[方法]:grantPage,[参数]:id=8&_=1489060997711&','127.0.0.1','2017-03-13 11:14:59'),(411,'admin','admin','[类名]:com.gray.sys.controller.LoginController,[方法]:logout,[参数]:',NULL,'2017-03-16 13:27:14'),(412,'admin','admin','[类名]:com.gray.sys.controller.ResourceController,[方法]:editPage,[参数]:id=231&_=1489644650222&','127.0.0.1','2017-03-16 14:13:05'),(413,'admin','admin','[类名]:com.gray.sys.controller.ResourceController,[方法]:edit,[参数]:id=231&name=白名单分组&resourceType=0&url=/whiteListGroup/manager&openMode=ajax&icon=&seq=0&status=0&opened=0&pid=230&','127.0.0.1','2017-03-16 14:13:37'),(414,'admin','admin','[类名]:com.gray.sys.controller.ResourceController,[方法]:addPage,[参数]:',NULL,'2017-03-16 14:14:43'),(415,'admin','admin','[类名]:com.gray.sys.controller.ResourceController,[方法]:add,[参数]:name= /whiteListGroup/dataGrid&resourceType=1&url=&openMode=ajax&icon=fi-list&seq=0&status=0&opened=1&pid=231&','127.0.0.1','2017-03-16 14:16:03'),(416,'admin','admin','[类名]:com.gray.sys.controller.ResourceController,[方法]:editPage,[参数]:id=231&_=1489644978822&','127.0.0.1','2017-03-16 14:17:04'),(417,'admin','admin','[类名]:com.gray.sys.controller.ResourceController,[方法]:edit,[参数]:id=231&name=白名单分组&resourceType=0&url=/whiteListGroup/manager&openMode=iframe&icon=&seq=0&status=0&opened=0&pid=230&','127.0.0.1','2017-03-16 14:17:08'),(418,'admin','admin','[类名]:com.gray.sys.controller.LoginController,[方法]:logout,[参数]:',NULL,'2017-03-16 14:19:53'),(419,'admin','admin','[类名]:com.gray.sys.controller.ResourceController,[方法]:editPage,[参数]:id=231&_=1489645204411&','127.0.0.1','2017-03-16 14:37:05'),(420,'admin','admin','[类名]:com.gray.sys.controller.ResourceController,[方法]:edit,[参数]:id=231&name=白名单分组&resourceType=0&url=/whiteListGroup/manager&openMode=ajax&icon=&seq=0&status=0&opened=0&pid=230&','127.0.0.1','2017-03-16 14:37:10'),(421,'admin','admin','[类名]:com.gray.sys.controller.ResourceController,[方法]:addPage,[参数]:',NULL,'2017-03-16 14:38:08'),(422,'admin','admin','[类名]:com.gray.sys.controller.ResourceController,[方法]:add,[参数]:name=添加&resourceType=1&url=/whiteListGroup/add&openMode=ajax&icon=fi-page-add&seq=0&status=0&opened=0&pid=231&','127.0.0.1','2017-03-16 14:39:03'),(423,'admin','admin','[类名]:com.gray.sys.controller.ResourceController,[方法]:editPage,[参数]:id=231&_=1489645204414&','127.0.0.1','2017-03-16 14:39:14'),(424,'admin','admin','[类名]:com.gray.sys.controller.ResourceController,[方法]:edit,[参数]:id=231&name=白名单分组&resourceType=0&url=/whiteListGroup/manager&openMode=&icon=fi-torso-business&seq=0&status=0&opened=0&pid=230&','127.0.0.1','2017-03-16 14:39:23'),(425,'admin','admin','[类名]:com.gray.sys.controller.ResourceController,[方法]:editPage,[参数]:id=230&_=1489645204418&','127.0.0.1','2017-03-16 14:41:26'),(426,'admin','admin','[类名]:com.gray.sys.controller.ResourceController,[方法]:editPage,[参数]:id=231&_=1489645204419&','127.0.0.1','2017-03-16 14:41:34'),(427,'admin','admin','[类名]:com.gray.sys.controller.ResourceController,[方法]:edit,[参数]:id=231&name=白名单分组&resourceType=0&url=/whiteListGroup/manager&openMode=&icon=fi-torso-business&seq=0&status=0&opened=1&pid=230&','127.0.0.1','2017-03-16 14:41:48'),(428,'admin','admin','[类名]:com.gray.sys.controller.ResourceController,[方法]:editPage,[参数]:id=231&_=1489645204420&','127.0.0.1','2017-03-16 14:42:46'),(429,'admin','admin','[类名]:com.gray.sys.controller.ResourceController,[方法]:edit,[参数]:id=231&name=白名单分组&resourceType=0&url=/whiteListGroup/manager&openMode=&icon=fi-torsos&seq=0&status=0&opened=1&pid=230&','127.0.0.1','2017-03-16 14:42:51'),(430,'admin','admin','[类名]:com.gray.sys.controller.ResourceController,[方法]:editPage,[参数]:id=232&_=1489645204421&','127.0.0.1','2017-03-16 14:42:54'),(431,'admin','admin','[类名]:com.gray.sys.controller.ResourceController,[方法]:edit,[参数]:id=232&name=白名单管理&resourceType=0&url=&openMode=&icon=&seq=0&status=0&opened=1&pid=230&','127.0.0.1','2017-03-16 14:42:58'),(432,'admin','admin','[类名]:com.gray.sys.controller.ResourceController,[方法]:editPage,[参数]:id=234&_=1489645204426&','127.0.0.1','2017-03-16 14:43:31'),(433,'admin','admin','[类名]:com.gray.sys.controller.ResourceController,[方法]:edit,[参数]:id=234&name=添加&resourceType=1&url=/whiteListGroup/add&openMode=ajax&icon=fi-page-add&seq=0&status=0&opened=1&pid=231&','127.0.0.1','2017-03-16 14:43:35'),(434,'admin','admin','[类名]:com.gray.sys.controller.ResourceController,[方法]:editPage,[参数]:id=234&_=1489645204427&','127.0.0.1','2017-03-16 14:46:23'),(435,'admin','admin','[类名]:com.gray.sys.controller.ResourceController,[方法]:edit,[参数]:id=234&name=添加&resourceType=1&url=/whiteListGroup/add&openMode=ajax&icon=fi-page-add&seq=0&status=0&opened=1&pid=231&','127.0.0.1','2017-03-16 14:46:36'),(436,'admin','admin','[类名]:com.gray.sys.controller.RoleController,[方法]:grantPage,[参数]:id=1&_=1489645204430&','127.0.0.1','2017-03-16 14:46:56'),(437,'admin','admin','[类名]:com.gray.sys.controller.RoleController,[方法]:grant,[参数]:id=1&resourceIds=230,231,233,234,232,222,223,224,221,227,228,229,1,11,111,112,113,114,12,121,122,123,124,125,13,131,132,133,134,14,141,142,143,144,226&','127.0.0.1','2017-03-16 14:47:08'),(438,'admin','admin','[类名]:com.gray.sys.controller.LoginController,[方法]:logout,[参数]:',NULL,'2017-03-16 14:47:23'),(439,'admin','admin','[类名]:com.gray.gray.controller.WhiteListGroupController,[方法]:addPage,[参数]:',NULL,'2017-03-16 14:48:21'),(440,'admin','admin','[类名]:com.gray.gray.controller.WhiteListGroupController,[方法]:addPage,[参数]:',NULL,'2017-03-16 14:49:19'),(441,'admin','admin','[类名]:com.gray.gray.controller.WhiteListGroupController,[方法]:addPage,[参数]:',NULL,'2017-03-16 14:53:51'),(442,'admin','admin','[类名]:com.gray.gray.controller.WhiteListGroupController,[方法]:addPage,[参数]:',NULL,'2017-03-16 14:54:11'),(443,'admin','admin','[类名]:com.gray.gray.controller.WhiteListGroupController,[方法]:addPage,[参数]:',NULL,'2017-03-16 14:54:36'),(444,'admin','admin','[类名]:com.gray.gray.controller.WhiteListGroupController,[方法]:addPage,[参数]:',NULL,'2017-03-16 14:54:49'),(445,'admin','admin','[类名]:com.gray.gray.controller.WhiteListGroupController,[方法]:addPage,[参数]:',NULL,'2017-03-16 14:55:03'),(446,'admin','admin','[类名]:com.gray.gray.controller.WhiteListGroupController,[方法]:addPage,[参数]:',NULL,'2017-03-16 14:55:19'),(447,'admin','admin','[类名]:com.gray.gray.controller.WhiteListGroupController,[方法]:addPage,[参数]:',NULL,'2017-03-16 14:55:26'),(448,'admin','admin','[类名]:com.gray.gray.controller.WhiteListGroupController,[方法]:addPage,[参数]:',NULL,'2017-03-16 14:57:00'),(449,'admin','admin','[类名]:com.gray.gray.controller.WhiteListGroupController,[方法]:addPage,[参数]:',NULL,'2017-03-16 15:00:17'),(450,'admin','admin','[类名]:com.gray.gray.controller.WhiteListGroupController,[方法]:addPage,[参数]:',NULL,'2017-03-16 15:02:41'),(451,'admin','admin','[类名]:com.gray.gray.controller.WhiteListGroupController,[方法]:addPage,[参数]:',NULL,'2017-03-16 15:03:41'),(452,'admin','admin','[类名]:com.gray.gray.controller.WhiteListGroupController,[方法]:add,[参数]:name=111&status=1&remark=111&','127.0.0.1','2017-03-16 15:03:44'),(453,'admin','admin','[类名]:com.gray.gray.controller.WhiteListGroupController,[方法]:addPage,[参数]:',NULL,'2017-03-16 16:16:12'),(454,'admin','admin','[类名]:com.gray.gray.controller.WhiteListGroupController,[方法]:add,[参数]:name=测试灰度&status=1&remark=灰度发布是指在黑与白之间，能够平滑过渡的一种发布方式。AB test就是一种灰度发布方式，让一部分用户继续用A，一部分用户开始用B，如果用户对B没有什么反对意见，那么逐步扩大范围，把所有用户都迁移到B上面来。灰度发布可以保证整体系统的稳定，在初始灰度的时候就可以发现、调整问题，以保证其影响度。&','127.0.0.1','2017-03-16 16:17:09'),(455,'admin','admin','[类名]:com.gray.sys.controller.ResourceController,[方法]:addPage,[参数]:',NULL,'2017-03-16 16:17:45'),(456,'admin','admin','[类名]:com.gray.sys.controller.ResourceController,[方法]:add,[参数]:name=编辑&resourceType=0&url=/whiteListGroup/edit&openMode=ajax&icon=fi-page-edit&seq=0&status=0&opened=1&pid=231&','127.0.0.1','2017-03-16 16:18:32'),(457,'admin','admin','[类名]:com.gray.sys.controller.RoleController,[方法]:grantPage,[参数]:id=1&_=1489646895082&','127.0.0.1','2017-03-16 16:18:43'),(458,'admin','admin','[类名]:com.gray.sys.controller.RoleController,[方法]:grant,[参数]:id=1&resourceIds=230,231,233,234,235,232,222,223,224,221,227,228,229,1,11,111,112,113,114,12,121,122,123,124,125,13,131,132,133,134,14,141,142,143,144,226&','127.0.0.1','2017-03-16 16:18:50'),(459,'admin','admin','[类名]:com.gray.sys.controller.ResourceController,[方法]:editPage,[参数]:id=233&_=1489652334493&','127.0.0.1','2017-03-16 16:19:18'),(460,'admin','admin','[类名]:com.gray.sys.controller.ResourceController,[方法]:edit,[参数]:id=233&name=列表&resourceType=1&url= /whiteListGroup/dataGrid&openMode=ajax&icon=fi-list&seq=0&status=0&opened=1&pid=231&','127.0.0.1','2017-03-16 16:19:43'),(461,'admin','admin','[类名]:com.gray.sys.controller.ResourceController,[方法]:editPage,[参数]:id=235&_=1489652334494&','127.0.0.1','2017-03-16 16:19:49'),(462,'admin','admin','[类名]:com.gray.sys.controller.ResourceController,[方法]:edit,[参数]:id=235&name=编辑&resourceType=0&url=/whiteListGroup/edit&openMode=ajax&icon=fi-page-edit&seq=0&status=0&opened=1&pid=231&','127.0.0.1','2017-03-16 16:19:52'),(463,'admin','admin','[类名]:com.gray.sys.controller.ResourceController,[方法]:editPage,[参数]:id=235&_=1489652334495&','127.0.0.1','2017-03-16 16:19:56'),(464,'admin','admin','[类名]:com.gray.sys.controller.ResourceController,[方法]:edit,[参数]:id=235&name=编辑&resourceType=1&url=/whiteListGroup/edit&openMode=&icon=fi-page-edit&seq=0&status=0&opened=1&pid=231&','127.0.0.1','2017-03-16 16:20:00'),(465,'admin','admin','[类名]:com.gray.sys.controller.RoleController,[方法]:grantPage,[参数]:id=1&_=1489652334497&','127.0.0.1','2017-03-16 16:20:08'),(466,'admin','admin','[类名]:com.gray.sys.controller.LoginController,[方法]:logout,[参数]:',NULL,'2017-03-16 16:20:13'),(467,'admin','admin','[类名]:com.gray.gray.controller.WhiteListGroupController,[方法]:editPage,[参数]:id=1&_=1489652421036&','127.0.0.1','2017-03-16 16:20:42'),(468,'admin','admin','[类名]:com.gray.gray.controller.WhiteListGroupController,[方法]:editPage,[参数]:id=1&_=1489652421038&','127.0.0.1','2017-03-16 16:25:26'),(469,'admin','admin','[类名]:com.gray.gray.controller.WhiteListGroupController,[方法]:editPage,[参数]:id=1&_=1489652421039&','127.0.0.1','2017-03-16 16:26:14'),(470,'admin','admin','[类名]:com.gray.gray.controller.WhiteListGroupController,[方法]:editPage,[参数]:id=1&_=1489652421041&','127.0.0.1','2017-03-16 16:28:57'),(471,'admin','admin','[类名]:com.gray.gray.controller.WhiteListGroupController,[方法]:edit,[参数]:id=1&name=1&status=1&remark=1&','127.0.0.1','2017-03-16 16:28:59'),(472,'admin','admin','[类名]:com.gray.gray.controller.WhiteListGroupController,[方法]:edit,[参数]:id=1&name=11&status=1&remark=11&','127.0.0.1','2017-03-16 16:29:05'),(473,'admin','admin','[类名]:com.gray.gray.controller.WhiteListGroupController,[方法]:editPage,[参数]:id=1&_=1489652421043&','127.0.0.1','2017-03-16 16:32:35'),(474,'admin','admin','[类名]:com.gray.gray.controller.WhiteListGroupController,[方法]:edit,[参数]:id=1&name=11&oldname=11&status=1&remark=11大点的&','127.0.0.1','2017-03-16 16:32:39'),(475,'admin','admin','[类名]:com.gray.gray.controller.WhiteListGroupController,[方法]:editPage,[参数]:id=1&_=1489652421045&','127.0.0.1','2017-03-16 16:33:36'),(476,'admin','admin','[类名]:com.gray.gray.controller.WhiteListGroupController,[方法]:edit,[参数]:id=1&name=网关测试&oldname=11&status=1&remark=11大点的&','127.0.0.1','2017-03-16 16:33:44'),(477,'admin','admin','[类名]:com.gray.gray.controller.WhiteListGroupController,[方法]:editPage,[参数]:id=2&_=1489652421046&','127.0.0.1','2017-03-16 16:34:05'),(478,'admin','admin','[类名]:com.gray.gray.controller.WhiteListGroupController,[方法]:edit,[参数]:id=2&name=111&oldname=111&status=1&remark=111&','127.0.0.1','2017-03-16 16:34:08'),(479,'admin','admin','[类名]:com.gray.gray.controller.WhiteListGroupController,[方法]:editPage,[参数]:id=2&_=1489652421047&','127.0.0.1','2017-03-16 16:34:23'),(480,'admin','admin','[类名]:com.gray.gray.controller.WhiteListGroupController,[方法]:edit,[参数]:id=2&name=111&oldname=111&status=0&remark=111&','127.0.0.1','2017-03-16 16:34:27'),(481,'admin','admin','[类名]:com.gray.sys.controller.ResourceController,[方法]:addPage,[参数]:',NULL,'2017-03-16 16:42:18'),(482,'admin','admin','[类名]:com.gray.sys.controller.ResourceController,[方法]:add,[参数]:name=删除&resourceType=1&url=/whiteListGroup/delete&openMode=ajax&icon=fi-page-delete&seq=0&status=0&opened=1&pid=231&','127.0.0.1','2017-03-16 16:43:06'),(483,'admin','admin','[类名]:com.gray.sys.controller.RoleController,[方法]:grantPage,[参数]:id=1&_=1489652421052&','127.0.0.1','2017-03-16 16:43:15'),(484,'admin','admin','[类名]:com.gray.sys.controller.RoleController,[方法]:grant,[参数]:id=1&resourceIds=230,231,233,234,235,236,232,222,223,224,221,227,228,229,1,11,111,112,113,114,12,121,122,123,124,125,13,131,132,133,134,14,141,142,143,144,226&','127.0.0.1','2017-03-16 16:43:21'),(485,'admin','admin','[类名]:com.gray.sys.controller.LoginController,[方法]:logout,[参数]:',NULL,'2017-03-16 16:43:26'),(486,'admin','admin','[类名]:com.gray.gray.controller.WhiteListGroupController,[方法]:delete,[参数]:id=1&','127.0.0.1','2017-03-16 16:43:50'),(487,'admin','admin','[类名]:com.gray.gray.controller.WhiteListGroupController,[方法]:delete,[参数]:id=1&','127.0.0.1','2017-03-16 16:45:23'),(488,'admin','admin','[类名]:com.gray.gray.controller.WhiteListGroupController,[方法]:delete,[参数]:id=1&','127.0.0.1','2017-03-16 16:47:45'),(489,'admin','admin','[类名]:com.gray.gray.controller.WhiteListGroupController,[方法]:delete,[参数]:id=1&','127.0.0.1','2017-03-16 16:48:38'),(490,'admin','admin','[类名]:com.gray.gray.controller.WhiteListGroupController,[方法]:delete,[参数]:id=2&','127.0.0.1','2017-03-16 16:48:49'),(491,'admin','admin','[类名]:com.gray.gray.controller.WhiteListGroupController,[方法]:delete,[参数]:id=2&','127.0.0.1','2017-03-16 16:48:58'),(492,'admin','admin','[类名]:com.gray.gray.controller.WhiteListGroupController,[方法]:delete,[参数]:id=2&','127.0.0.1','2017-03-16 16:49:34'),(493,'admin','admin','[类名]:com.gray.gray.controller.WhiteListGroupController,[方法]:delete,[参数]:id=3&','127.0.0.1','2017-03-16 16:49:38'),(494,'admin','admin','[类名]:com.gray.gray.controller.WhiteListGroupController,[方法]:delete,[参数]:id=2&','127.0.0.1','2017-03-16 16:49:50'),(495,'admin','admin','[类名]:com.gray.gray.controller.WhiteListGroupController,[方法]:delete,[参数]:id=1&','127.0.0.1','2017-03-16 16:49:52'),(496,'admin','admin','[类名]:com.gray.gray.controller.WhiteListGroupController,[方法]:editPage,[参数]:id=2&_=1489653812542&','127.0.0.1','2017-03-16 16:56:25'),(497,'admin','admin','[类名]:com.gray.gray.controller.WhiteListGroupController,[方法]:edit,[参数]:id=2&name=p2p交易&oldname=111&status=1&remark=111&','127.0.0.1','2017-03-16 16:56:39'),(498,'admin','admin','[类名]:com.gray.gray.controller.WhiteListGroupController,[方法]:editPage,[参数]:id=2&_=1489653812543&','127.0.0.1','2017-03-16 16:56:45'),(499,'admin','admin','[类名]:com.gray.gray.controller.WhiteListGroupController,[方法]:editPage,[参数]:id=1&_=1489653812544&','127.0.0.1','2017-03-16 16:56:48'),(500,'admin','admin','[类名]:com.gray.gray.controller.WhiteListGroupController,[方法]:editPage,[参数]:id=2&_=1489653812545&','127.0.0.1','2017-03-16 16:56:51'),(501,'admin','admin','[类名]:com.gray.gray.controller.WhiteListGroupController,[方法]:addPage,[参数]:',NULL,'2017-03-16 19:02:42'),(502,'admin','admin','[类名]:com.gray.gray.controller.WhiteListGroupController,[方法]:add,[参数]:name=111&status=1&remark=1111&','127.0.0.1','2017-03-16 19:02:46'),(503,'admin','admin','[类名]:com.gray.gray.controller.WhiteListGroupController,[方法]:editPage,[参数]:id=123&_=1489662155068&','127.0.0.1','2017-03-16 19:02:48'),(504,'admin','admin','[类名]:com.gray.gray.controller.WhiteListGroupController,[方法]:edit,[参数]:id=123&name=111&oldname=111&status=1&remark=11112222&','127.0.0.1','2017-03-16 19:02:52'),(505,'admin','admin','[类名]:com.gray.gray.controller.WhiteListGroupController,[方法]:delete,[参数]:id=123&','127.0.0.1','2017-03-16 19:02:58'),(506,'admin','admin','[类名]:com.gray.sys.controller.RoleController,[方法]:grantPage,[参数]:id=1&_=1489662155071&','127.0.0.1','2017-03-16 19:09:06'),(507,'admin','admin','[类名]:com.gray.sys.controller.RoleController,[方法]:grant,[参数]:id=1&resourceIds=230,231,233,234,235,236,232,238,239,240,241,222,223,224,221,227,228,229,1,11,111,112,113,114,12,121,122,123,124,125,13,131,132,133,134,14,141,142,143,144,226&','127.0.0.1','2017-03-16 19:09:15'),(508,'admin','admin','[类名]:com.gray.sys.controller.LoginController,[方法]:logout,[参数]:',NULL,'2017-03-16 19:09:21'),(509,'admin','admin','[类名]:com.gray.gray.controller.WhiteListController,[方法]:addPage,[参数]:',NULL,'2017-03-16 20:02:28'),(510,'admin','admin','[类名]:com.gray.gray.controller.WhiteListController,[方法]:addPage,[参数]:',NULL,'2017-03-16 20:05:30'),(511,'admin','admin','[类名]:com.gray.gray.controller.WhiteListController,[方法]:addPage,[参数]:',NULL,'2017-03-16 20:05:48'),(512,'admin','admin','[类名]:com.gray.gray.controller.WhiteListController,[方法]:addPage,[参数]:',NULL,'2017-03-16 20:05:57'),(513,'admin','admin','[类名]:com.gray.gray.controller.WhiteListController,[方法]:addPage,[参数]:',NULL,'2017-03-16 20:06:21'),(514,'admin','admin','[类名]:com.gray.gray.controller.WhiteListController,[方法]:addPage,[参数]:',NULL,'2017-03-16 20:06:45'),(515,'admin','admin','[类名]:com.gray.gray.controller.WhiteListController,[方法]:addPage,[参数]:',NULL,'2017-03-16 20:07:19'),(516,'admin','admin','[类名]:com.gray.gray.controller.WhiteListController,[方法]:addPage,[参数]:',NULL,'2017-03-16 20:10:08'),(517,'admin','admin','[类名]:com.gray.gray.controller.WhiteListController,[方法]:add,[参数]:groupId=1&status=1&param=111&remark=121212&','127.0.0.1','2017-03-16 20:10:24'),(518,'admin','admin','[类名]:com.gray.gray.controller.WhiteListController,[方法]:add,[参数]:groupId=1&status=1&param=111&remark=121212&','127.0.0.1','2017-03-16 20:11:36'),(519,'admin','admin','[类名]:com.gray.gray.controller.WhiteListController,[方法]:editPage,[参数]:id=4&_=1489665457584&','127.0.0.1','2017-03-16 20:11:56'),(520,'admin','admin','[类名]:com.gray.gray.controller.WhiteListController,[方法]:editPage,[参数]:id=4&_=1489665457585&','127.0.0.1','2017-03-16 20:15:00'),(521,'admin','admin','[类名]:com.gray.gray.controller.WhiteListController,[方法]:edit,[参数]:groupId=2&status=1&param={\"userNo\":\"t000003\",\"phone\":\"13388889999\"}&remark=就这么定了&','127.0.0.1','2017-03-16 20:16:15'),(522,'admin','admin','[类名]:com.gray.gray.controller.WhiteListController,[方法]:editPage,[参数]:id=4&_=1489665457586&','127.0.0.1','2017-03-16 20:16:53'),(523,'admin','admin','[类名]:com.gray.gray.controller.WhiteListController,[方法]:edit,[参数]:id=4&groupId=2&status=1&param={\"userNo\":\"t000003\",\"phone\":\"13488889999\"}&remark=就这么定了&','127.0.0.1','2017-03-16 20:17:33'),(524,'admin','admin','[类名]:com.gray.sys.controller.ResourceController,[方法]:editPage,[参数]:id=232&_=1489665457591&','127.0.0.1','2017-03-16 20:20:15'),(525,'admin','admin','[类名]:com.gray.sys.controller.ResourceController,[方法]:editPage,[参数]:id=232&_=1489665457592&','127.0.0.1','2017-03-16 20:20:42'),(526,'admin','admin','[类名]:com.gray.sys.controller.ResourceController,[方法]:edit,[参数]:id=232&name=白名单管理&resourceType=0&url=/whiteList/manager&openMode=&icon=fi-torso-female&seq=0&status=0&opened=1&pid=230&','127.0.0.1','2017-03-16 20:20:46'),(527,'admin','admin','[类名]:com.gray.sys.controller.ResourceController,[方法]:editPage,[参数]:id=13&_=1489665457595&','127.0.0.1','2017-03-16 20:21:07'),(528,'admin','admin','[类名]:com.gray.sys.controller.ResourceController,[方法]:editPage,[参数]:id=231&_=1489665457596&','127.0.0.1','2017-03-16 20:21:20'),(529,'admin','admin','[类名]:com.gray.sys.controller.ResourceController,[方法]:edit,[参数]:id=231&name=白名单分组&resourceType=0&url=/whiteListGroup/manager&openMode=&icon=fi-torsos-all&seq=0&status=0&opened=1&pid=230&','127.0.0.1','2017-03-16 20:21:26'),(530,'admin','admin','[类名]:com.gray.sys.controller.ResourceController,[方法]:editPage,[参数]:id=232&_=1489665457597&','127.0.0.1','2017-03-16 20:21:30'),(531,'admin','admin','[类名]:com.gray.sys.controller.ResourceController,[方法]:edit,[参数]:id=232&name=白名单管理&resourceType=0&url=/whiteList/manager&openMode=&icon=fi-torsos&seq=0&status=0&opened=1&pid=230&','127.0.0.1','2017-03-16 20:21:34'),(532,'admin','admin','[类名]:com.gray.gray.controller.WhiteListController,[方法]:addPage,[参数]:',NULL,'2017-03-16 20:22:29'),(533,'admin','admin','[类名]:com.gray.gray.controller.WhiteListController,[方法]:add,[参数]:groupId=2&status=0&param=111&remark=111&','127.0.0.1','2017-03-16 20:22:38'),(534,'admin','admin','[类名]:com.gray.gray.controller.WhiteListController,[方法]:delete,[参数]:id=5&','127.0.0.1','2017-03-16 20:22:43'),(535,'admin','admin','[类名]:com.gray.sys.controller.ResourceController,[方法]:delete,[参数]:id=224&','127.0.0.1','2017-03-16 20:23:09'),(536,'admin','admin','[类名]:com.gray.sys.controller.ResourceController,[方法]:delete,[参数]:id=223&','127.0.0.1','2017-03-16 20:23:14'),(537,'admin','admin','[类名]:com.gray.sys.controller.ResourceController,[方法]:delete,[参数]:id=222&','127.0.0.1','2017-03-16 20:23:19'),(538,'admin','admin','[类名]:com.gray.sys.controller.ResourceController,[方法]:editPage,[参数]:id=227&_=1489665457605&','127.0.0.1','2017-03-16 20:23:43'),(539,'admin','admin','[类名]:com.gray.sys.controller.ResourceController,[方法]:edit,[参数]:id=227&name=审计日志&resourceType=0&url=/sysLog/manager&openMode=ajax&icon=fi-info&seq=0&status=0&opened=1&pid=221&','127.0.0.1','2017-03-16 20:23:50'),(540,'admin','admin','[类名]:com.gray.gray.controller.WhiteListGroupController,[方法]:editPage,[参数]:id=2&_=1489665457607&','127.0.0.1','2017-03-16 20:24:10'),(541,'admin','admin','[类名]:com.gray.gray.controller.WhiteListGroupController,[方法]:editPage,[参数]:id=2&_=1489665457608&','127.0.0.1','2017-03-16 20:24:16'),(542,'admin','admin','[类名]:com.gray.gray.controller.WhiteListGroupController,[方法]:editPage,[参数]:id=1&_=1489665457609&','127.0.0.1','2017-03-16 20:24:22'),(543,'admin','admin','[类名]:com.gray.sys.controller.LoginController,[方法]:logout,[参数]:',NULL,'2017-03-16 20:26:25'),(544,'admin','admin','[类名]:com.gray.gray.controller.WhiteListController,[方法]:editPage,[参数]:id=4&_=1489667193182&','127.0.0.1','2017-03-16 20:31:54'),(545,'admin','admin','[类名]:com.gray.gray.controller.WhiteListController,[方法]:editPage,[参数]:id=4&_=1489668981576&','127.0.0.1','2017-03-16 20:56:29'),(546,'admin','admin','[类名]:com.gray.gray.controller.WhiteListController,[方法]:addPage,[参数]:',NULL,'2017-03-16 20:56:34'),(547,'admin','admin','[类名]:com.gray.gray.controller.WhiteListGroupController,[方法]:editPage,[参数]:id=1&_=1489668981578&','127.0.0.1','2017-03-16 20:56:39'),(548,'admin','admin','[类名]:com.gray.gray.controller.WhiteListGroupController,[方法]:addPage,[参数]:',NULL,'2017-03-16 20:56:42'),(549,'admin','admin','[类名]:com.gray.gray.controller.WhiteListController,[方法]:editPage,[参数]:id=1&_=1489668981582&','127.0.0.1','2017-03-16 20:57:49'),(550,'admin','admin','[类名]:com.gray.sys.controller.LoginController,[方法]:logout,[参数]:',NULL,'2017-03-17 13:51:04'),(551,'admin','admin','[类名]:com.gray.sys.controller.RoleController,[方法]:editPage,[参数]:id=1&_=1489729872230&','127.0.0.1','2017-03-17 14:01:36'),(552,'admin','admin','[类名]:com.gray.sys.controller.RoleController,[方法]:grantPage,[参数]:id=1&_=1489729872231&','127.0.0.1','2017-03-17 14:01:42'),(553,'admin','admin','[类名]:com.gray.sys.controller.RoleController,[方法]:grant,[参数]:id=1&resourceIds=230,231,233,234,235,236,232,238,239,240,241,244,245,246,247,248,221,227,228,229,1,11,111,112,113,114,12,121,122,123,124,125,13,131,132,133,134,14,141,142,143,144,226&','127.0.0.1','2017-03-17 14:01:44'),(554,'admin','admin','[类名]:com.gray.sys.controller.LoginController,[方法]:logout,[参数]:',NULL,'2017-03-17 14:01:47'),(555,'admin','admin','[类名]:com.gray.gray.controller.SystemManagerController,[方法]:editPage,[参数]:id=1&_=1489730522042&','127.0.0.1','2017-03-17 14:16:15'),(556,'admin','admin','[类名]:com.gray.gray.controller.SystemManagerController,[方法]:addPage,[参数]:',NULL,'2017-03-17 14:26:16'),(557,'admin','admin','[类名]:com.gray.gray.controller.SystemManagerController,[方法]:addPage,[参数]:',NULL,'2017-03-17 14:26:33'),(558,'admin','admin','[类名]:com.gray.gray.controller.SystemManagerController,[方法]:add,[参数]:name=1&systemId=11&grayIp=111&deployIp=1111&upstream=11111&param=111111&remark=111111111111&status=0&','127.0.0.1','2017-03-17 14:27:38'),(559,'admin','admin','[类名]:com.gray.gray.controller.SystemManagerController,[方法]:add,[参数]:name=1&systemId=11&grayIp=111&deployIp=1111&upstream=11111&param=111111&remark=111111111111&status=0&','127.0.0.1','2017-03-17 14:29:44'),(560,'admin','admin','[类名]:com.gray.gray.controller.SystemManagerController,[方法]:editPage,[参数]:id=2&_=1489730522045&','127.0.0.1','2017-03-17 14:33:15'),(561,'admin','admin','[类名]:com.gray.gray.controller.SystemManagerController,[方法]:editPage,[参数]:id=2&_=1489730522046&','127.0.0.1','2017-03-17 14:34:00'),(562,'admin','admin','[类名]:com.gray.gray.controller.SystemManagerController,[方法]:edit,[参数]:name=2&systemId=22&id=2&grayIp=222&deployIp=2222&upstream=22222&param=222222&remark=22222222222222&','127.0.0.1','2017-03-17 14:34:15'),(563,'admin','admin','[类名]:com.gray.gray.controller.SystemManagerController,[方法]:editPage,[参数]:id=2&_=1489730522047&','127.0.0.1','2017-03-17 14:35:12'),(564,'admin','admin','[类名]:com.gray.gray.controller.SystemManagerController,[方法]:edit,[参数]:name=2&systemId=22&grayIp=222&deployIp=2222&upstream=22222&param=222222&remark=222222&id=2&oldSystemId=11&','127.0.0.1','2017-03-17 14:35:26'),(565,'admin','admin','[类名]:com.gray.gray.controller.SystemManagerController,[方法]:editPage,[参数]:id=2&_=1489730522048&','127.0.0.1','2017-03-17 14:36:26'),(566,'admin','admin','[类名]:com.gray.gray.controller.SystemManagerController,[方法]:edit,[参数]:name=2&systemId=22&grayIp=222&deployIp=22222&upstream=22222&param=222222&remark=222222&id=2&oldSystemId=22&','127.0.0.1','2017-03-17 14:36:32'),(567,'admin','admin','[类名]:com.gray.gray.controller.SystemManagerController,[方法]:edit,[参数]:name=2&systemId=22&grayIp=222&deployIp=22222&upstream=22222&param=222222&remark=222222&id=2&oldSystemId=22&','127.0.0.1','2017-03-17 14:36:40'),(568,'admin','admin','[类名]:com.gray.gray.controller.SystemManagerController,[方法]:edit,[参数]:name=2&systemId=22&grayIp=222&deployIp=22222&upstream=22222&param=222222&remark=222222&id=2&oldSystemId=22&','127.0.0.1','2017-03-17 14:37:18'),(569,'admin','admin','[类名]:com.gray.gray.controller.SystemManagerController,[方法]:edit,[参数]:name=2&systemId=22&grayIp=222&deployIp=22222&upstream=22222&param=222222&remark=222222&id=2&oldSystemId=22&','127.0.0.1','2017-03-17 14:38:20'),(570,'admin','admin','[类名]:com.gray.gray.controller.SystemManagerController,[方法]:editPage,[参数]:id=2&_=1489730522050&','127.0.0.1','2017-03-17 14:40:19'),(571,'admin','admin','[类名]:com.gray.gray.controller.SystemManagerController,[方法]:edit,[参数]:name=2&systemId=22&grayIp=222&deployIp=22222&upstream=11111&param=222222&remark=222222&id=2&oldSystemId=22&','127.0.0.1','2017-03-17 14:40:20'),(572,'admin','admin','[类名]:com.gray.gray.controller.SystemManagerController,[方法]:editPage,[参数]:id=2&_=1489730522051&','127.0.0.1','2017-03-17 14:40:56'),(573,'admin','admin','[类名]:com.gray.gray.controller.SystemManagerController,[方法]:edit,[参数]:name=2&systemId=22&grayIp=222&deployIp=22222&upstream=22222&param=222222&remark=222222&id=2&oldSystemId=22&','127.0.0.1','2017-03-17 14:41:57'),(574,'admin','admin','[类名]:com.gray.gray.controller.SystemManagerController,[方法]:addPage,[参数]:',NULL,'2017-03-17 14:42:05'),(575,'admin','admin','[类名]:com.gray.gray.controller.SystemManagerController,[方法]:add,[参数]:name=333&systemId=2333&grayIp=33&deployIp=33&upstream=333&param=333&remark=333&status=0&','127.0.0.1','2017-03-17 14:42:16'),(576,'admin','admin','[类名]:com.gray.gray.controller.SystemManagerController,[方法]:addPage,[参数]:',NULL,'2017-03-17 16:16:16'),(577,'admin','admin','[类名]:com.gray.gray.controller.SystemManagerController,[方法]:addPage,[参数]:',NULL,'2017-03-17 16:16:45'),(578,'admin','admin','[类名]:com.gray.gray.controller.SystemManagerController,[方法]:editPage,[参数]:id=2&_=1489734691208&','127.0.0.1','2017-03-17 16:16:51'),(579,'admin','admin','[类名]:com.gray.gray.controller.SystemManagerController,[方法]:addPage,[参数]:',NULL,'2017-03-17 16:26:15'),(580,'admin','admin','[类名]:com.gray.gray.controller.SystemManagerController,[方法]:editPage,[参数]:id=3&_=1489734691211&','127.0.0.1','2017-03-17 16:26:28'),(581,'admin','admin','[类名]:com.gray.gray.controller.SystemManagerController,[方法]:editPage,[参数]:id=3&_=1489734691212&','127.0.0.1','2017-03-17 16:28:43'),(582,'admin','admin','[类名]:com.gray.gray.controller.SystemManagerController,[方法]:edit,[参数]:name=333&systemId=2333&grayIp=33&deployIp=33&upstream=333&param=333&nginxs=100.72.22.13:8080,100.72.22.14:8080&remark=333&id=3&oldSystemId=2333&','127.0.0.1','2017-03-17 16:29:22'),(583,'admin','admin','[类名]:com.gray.gray.controller.SystemManagerController,[方法]:edit,[参数]:name=333&systemId=2333&grayIp=33&deployIp=33&upstream=333&param=333&nginxs=100.72.22.13:8080,100.72.22.14:8080&remark=333&id=3&oldSystemId=2333&','127.0.0.1','2017-03-17 16:36:03'),(584,'admin','admin','[类名]:com.gray.gray.controller.SystemManagerController,[方法]:edit,[参数]:name=333&systemId=2333&grayIp=33&deployIp=33&upstream=333&param=333&nginxs=100.72.22.13:8080,100.72.22.14:8080&remark=333&id=3&oldSystemId=2333&','127.0.0.1','2017-03-17 16:38:58'),(585,'admin','admin','[类名]:com.gray.gray.controller.SystemManagerController,[方法]:editPage,[参数]:id=3&_=1489734691213&','127.0.0.1','2017-03-17 16:40:43'),(586,'admin','admin','[类名]:com.gray.gray.controller.SystemManagerController,[方法]:editPage,[参数]:id=3&_=1489734691214&','127.0.0.1','2017-03-17 16:42:13'),(587,'admin','admin','[类名]:com.gray.gray.controller.SystemManagerController,[方法]:edit,[参数]:name=333&systemId=2333&grayIp=33&deployIp=33&upstream=333&param=333&nginxs=100.72.22.13:8080,\r\n100.72.22.14:8080&remark=333&id=3&oldSystemId=2333&','127.0.0.1','2017-03-17 16:42:26'),(588,'admin','admin','[类名]:com.gray.gray.controller.SystemManagerController,[方法]:editPage,[参数]:id=3&_=1489734691215&','127.0.0.1','2017-03-17 16:42:59'),(589,'admin','admin','[类名]:com.gray.gray.controller.SystemManagerController,[方法]:editPage,[参数]:id=3&_=1489734691216&','127.0.0.1','2017-03-17 16:48:20'),(590,'admin','admin','[类名]:com.gray.gray.controller.SystemManagerController,[方法]:edit,[参数]:name=333&systemId=2333&grayIp=33&deployIp=33&upstream=333&param=333&nginxs=100.72.22.13:8080,100.72.22.14:8080&remark=333&id=3&oldSystemId=2333&','127.0.0.1','2017-03-17 16:48:31'),(591,'admin','admin','[类名]:com.gray.gray.controller.SystemManagerController,[方法]:editPage,[参数]:id=3&_=1489734691217&','127.0.0.1','2017-03-17 16:48:33'),(592,'admin','admin','[类名]:com.gray.gray.controller.SystemManagerController,[方法]:edit,[参数]:name=333&systemId=2333&grayIp=33&deployIp=33&upstream=333&param=333&nginxs=100.72.22.13:8080,\r\n100.72.22.14:8080&remark=333&id=3&oldSystemId=2333&','127.0.0.1','2017-03-17 16:48:36'),(593,'admin','admin','[类名]:com.gray.gray.controller.SystemManagerController,[方法]:editPage,[参数]:id=3&_=1489734691218&','127.0.0.1','2017-03-17 16:48:49'),(594,'admin','admin','[类名]:com.gray.gray.controller.SystemManagerController,[方法]:editPage,[参数]:id=3&_=1489734691219&','127.0.0.1','2017-03-17 16:50:10'),(595,'admin','admin','[类名]:com.gray.gray.controller.SystemManagerController,[方法]:edit,[参数]:name=333&systemId=2333&grayIp=33&deployIp=33&upstream=333&param=333&nginxs=100.72.22.13:8080,\r\n100.72.22.14:8080&remark=333&id=3&oldSystemId=2333&','127.0.0.1','2017-03-17 16:50:18'),(596,'admin','admin','[类名]:com.gray.gray.controller.SystemManagerController,[方法]:editPage,[参数]:id=3&_=1489734691220&','127.0.0.1','2017-03-17 16:50:20'),(597,'admin','admin','[类名]:com.gray.gray.controller.SystemManagerController,[方法]:edit,[参数]:name=333&systemId=2333&grayIp=33&deployIp=33&upstream=333&param=333&nginxs=100.72.22.13:8080,\r\n100.72.22.14:8080&remark=333&id=3&oldSystemId=2333&','127.0.0.1','2017-03-17 16:50:25'),(598,'admin','admin','[类名]:com.gray.gray.controller.SystemManagerController,[方法]:editPage,[参数]:id=3&_=1489734691221&','127.0.0.1','2017-03-17 16:50:27'),(599,'admin','admin','[类名]:com.gray.gray.controller.SystemManagerController,[方法]:editPage,[参数]:id=3&_=1489734691222&','127.0.0.1','2017-03-17 16:51:10'),(600,'admin','admin','[类名]:com.gray.gray.controller.SystemManagerController,[方法]:edit,[参数]:name=333&systemId=2333&grayIp=33&deployIp=33&upstream=333&param=333&nginxs=100.72.22.13:8080,\r\n100.72.22.14:8080&remark=333&id=3&oldSystemId=2333&','127.0.0.1','2017-03-17 16:51:15'),(601,'admin','admin','[类名]:com.gray.gray.controller.SystemManagerController,[方法]:edit,[参数]:name=333&systemId=2333&grayIp=33&deployIp=33&upstream=333&param=333&nginxs=100.72.22.13:8080,\r\n100.72.22.14:8080&remark=333&id=3&oldSystemId=2333&','127.0.0.1','2017-03-17 16:52:57'),(602,'admin','admin','[类名]:com.gray.gray.controller.SystemManagerController,[方法]:editPage,[参数]:id=3&_=1489734691223&','127.0.0.1','2017-03-17 16:53:48'),(603,'admin','admin','[类名]:com.gray.gray.controller.SystemManagerController,[方法]:edit,[参数]:name=333&systemId=2333&grayIp=33&deployIp=33&upstream=333&param=333&nginxs=100.72.22.13:8080,\r\n100.72.22.14:8080&remark=333&id=3&oldSystemId=2333&','127.0.0.1','2017-03-17 16:53:51'),(604,'admin','admin','[类名]:com.gray.gray.controller.SystemManagerController,[方法]:editPage,[参数]:id=3&_=1489734691224&','127.0.0.1','2017-03-17 16:54:12'),(605,'admin','admin','[类名]:com.gray.gray.controller.SystemManagerController,[方法]:edit,[参数]:name=333&systemId=2333&grayIp=33&deployIp=33&upstream=333&param=333&nginxs=100.72.22.13:8080,\r\n100.72.22.14:8080,\r\n100.72.22.14:80&remark=333&id=3&oldSystemId=2333&','127.0.0.1','2017-03-17 16:54:21'),(606,'admin','admin','[类名]:com.gray.gray.controller.SystemManagerController,[方法]:editPage,[参数]:id=3&_=1489734691225&','127.0.0.1','2017-03-17 16:54:48'),(607,'admin','admin','[类名]:com.gray.gray.controller.SystemManagerController,[方法]:edit,[参数]:name=333&systemId=2333&grayIp=33&deployIp=33&upstream=333&param=333&nginxs=100.72.22.13:8080,\r\n100.72.22.14:8080&remark=333&id=3&oldSystemId=2333&','127.0.0.1','2017-03-17 16:54:53'),(608,'admin','admin','[类名]:com.gray.gray.controller.SystemManagerController,[方法]:editPage,[参数]:id=3&_=1489734691226&','127.0.0.1','2017-03-17 16:54:55'),(609,'admin','admin','[类名]:com.gray.gray.controller.SystemManagerController,[方法]:edit,[参数]:name=333&systemId=2333&grayIp=33&deployIp=33&upstream=333&param=333&nginxs=100.72.22.12:8080,\r\n100.72.22.14:8080&remark=333&id=3&oldSystemId=2333&','127.0.0.1','2017-03-17 16:55:01'),(610,'admin','admin','[类名]:com.gray.gray.controller.SystemManagerController,[方法]:editPage,[参数]:id=3&_=1489734691227&','127.0.0.1','2017-03-17 16:55:03'),(611,'admin','admin','[类名]:com.gray.gray.controller.SystemManagerController,[方法]:edit,[参数]:name=333&systemId=2333&grayIp=33&deployIp=33&upstream=333&param=333&nginxs=100.72.22.14:8080,\r\n100.72.22.12:8080&remark=333&id=3&oldSystemId=2333&','127.0.0.1','2017-03-17 16:55:16'),(612,'admin','admin','[类名]:com.gray.gray.controller.SystemManagerController,[方法]:editPage,[参数]:id=3&_=1489734691229&','127.0.0.1','2017-03-17 17:33:15'),(613,'admin','admin','[类名]:com.gray.sys.controller.RoleController,[方法]:grantPage,[参数]:id=1&_=1489734691233&','127.0.0.1','2017-03-17 17:50:33'),(614,'admin','admin','[类名]:com.gray.sys.controller.RoleController,[方法]:grant,[参数]:id=1&resourceIds=230,231,233,234,235,236,232,238,239,240,241,244,245,246,247,248,251,252,253,254,255,221,227,228,229,1,11,111,112,113,114,12,121,122,123,124,125,13,131,132,133,134,14,141,142,143,144,226&','127.0.0.1','2017-03-17 17:50:39'),(615,'admin','admin','[类名]:com.gray.sys.controller.LoginController,[方法]:logout,[参数]:',NULL,'2017-03-17 17:50:45'),(616,'admin','admin','[类名]:com.gray.gray.controller.StrategyManagerController,[方法]:editPage,[参数]:id=1&_=1489744251655&','127.0.0.1','2017-03-17 18:11:18'),(617,'admin','admin','[类名]:com.gray.gray.controller.StrategyManagerController,[方法]:addPage,[参数]:',NULL,'2017-03-17 18:23:52'),(618,'admin','admin','[类名]:com.gray.gray.controller.StrategyManagerController,[方法]:addPage,[参数]:',NULL,'2017-03-17 18:24:14'),(619,'admin','admin','[类名]:com.gray.gray.controller.StrategyManagerController,[方法]:addPage,[参数]:',NULL,'2017-03-17 18:27:26'),(620,'admin','admin','[类名]:com.gray.gray.controller.StrategyManagerController,[方法]:add,[参数]:name=11&status=1&way=1&forwardReverse=0&regular=11&flowTatio=11&remark=111&','127.0.0.1','2017-03-17 18:27:38'),(621,'admin','admin','[类名]:com.gray.gray.controller.StrategyManagerController,[方法]:editPage,[参数]:id=2&_=1489744251662&','127.0.0.1','2017-03-17 18:27:42'),(622,'admin','admin','[类名]:com.gray.gray.controller.StrategyManagerController,[方法]:editPage,[参数]:id=1&_=1489744251664&','127.0.0.1','2017-03-17 18:37:39'),(623,'admin','admin','[类名]:com.gray.gray.controller.StrategyManagerController,[方法]:editPage,[参数]:id=2&_=1489747061971&','127.0.0.1','2017-03-17 18:37:49'),(624,'admin','admin','[类名]:com.gray.gray.controller.StrategyManagerController,[方法]:editPage,[参数]:id=2&_=1489747061972&','127.0.0.1','2017-03-17 18:38:31'),(625,'admin','admin','[类名]:com.gray.gray.controller.StrategyManagerController,[方法]:editPage,[参数]:id=2&_=1489747061973&','127.0.0.1','2017-03-17 18:38:42'),(626,'admin','admin','[类名]:com.gray.gray.controller.StrategyManagerController,[方法]:editPage,[参数]:id=2&_=1489747061974&','127.0.0.1','2017-03-17 18:41:07'),(627,'admin','admin','[类名]:com.gray.gray.controller.StrategyManagerController,[方法]:editPage,[参数]:id=2&_=1489747061975&','127.0.0.1','2017-03-17 18:41:49'),(628,'admin','admin','[类名]:com.gray.gray.controller.StrategyManagerController,[方法]:edit,[参数]:name=112&status=0&way=3&forwardReverse=1&regular=1122&flowTatio=1122&remark=111222&id=2&oldname=11&','127.0.0.1','2017-03-17 18:42:10'),(629,'admin','admin','[类名]:com.gray.gray.controller.StrategyManagerController,[方法]:editPage,[参数]:id=2&_=1489747061976&','127.0.0.1','2017-03-17 18:42:13'),(630,'admin','admin','[类名]:com.gray.gray.controller.StrategyManagerController,[方法]:edit,[参数]:name=112&status=0&way=1&forwardReverse=1&regular=3&flowTatio=1122&remark=111222&id=2&oldname=112&','127.0.0.1','2017-03-17 18:43:16'),(631,'admin','admin','[类名]:com.gray.gray.controller.StrategyManagerController,[方法]:editPage,[参数]:id=2&_=1489747061977&','127.0.0.1','2017-03-17 18:43:18'),(632,'admin','admin','[类名]:com.gray.gray.controller.StrategyManagerController,[方法]:editPage,[参数]:id=2&_=1489747061978&','127.0.0.1','2017-03-17 18:43:51'),(633,'admin','admin','[类名]:com.gray.gray.controller.StrategyManagerController,[方法]:edit,[参数]:name=112&status=0&way=1&forwardReverse=1&regular=11111&flowTatio=1122&remark=111222&id=2&oldname=112&','127.0.0.1','2017-03-17 18:43:59'),(634,'admin','admin','[类名]:com.gray.gray.controller.StrategyManagerController,[方法]:editPage,[参数]:id=2&_=1489747061979&','127.0.0.1','2017-03-17 18:44:01'),(635,'admin','admin','[类名]:com.gray.gray.controller.StrategyManagerController,[方法]:editPage,[参数]:id=2&_=1489747061981&','127.0.0.1','2017-03-17 18:46:03'),(636,'admin','admin','[类名]:com.gray.gray.controller.StrategyManagerController,[方法]:editPage,[参数]:id=2&_=1489747061982&','127.0.0.1','2017-03-17 18:46:34'),(637,'admin','admin','[类名]:com.gray.gray.controller.StrategyManagerController,[方法]:editPage,[参数]:id=2&_=1489747619769&','127.0.0.1','2017-03-17 18:47:06'),(638,'admin','admin','[类名]:com.gray.gray.controller.StrategyManagerController,[方法]:edit,[参数]:name=112&status=0&way=1&forwardReverse=1&regular=111&flowTatio=1122&remark=111222&id=2&oldname=112&','127.0.0.1','2017-03-17 18:47:10'),(639,'admin','admin','[类名]:com.gray.gray.controller.StrategyManagerController,[方法]:editPage,[参数]:id=2&_=1489747619770&','127.0.0.1','2017-03-17 18:47:13'),(640,'admin','admin','[类名]:com.gray.gray.controller.StrategyManagerController,[方法]:edit,[参数]:name=112&status=0&way=1&forwardReverse=1&regular=111&flowTatio=1122&remark=111222&id=2&oldname=112&','127.0.0.1','2017-03-17 18:47:14'),(641,'admin','admin','[类名]:com.gray.gray.controller.StrategyManagerController,[方法]:editPage,[参数]:id=2&_=1489747619771&','127.0.0.1','2017-03-17 18:47:20'),(642,'admin','admin','[类名]:com.gray.gray.controller.StrategyManagerController,[方法]:editPage,[参数]:id=2&_=1489747619776&','127.0.0.1','2017-03-17 18:49:43'),(643,'admin','admin','[类名]:com.gray.gray.controller.StrategyManagerController,[方法]:edit,[参数]:name=112&status=0&way=3&forwardReverse=1&regular=111&flowTatio=1122&remark=111222&id=2&oldname=112&','127.0.0.1','2017-03-17 18:50:00'),(644,'admin','admin','[类名]:com.gray.gray.controller.StrategyManagerController,[方法]:editPage,[参数]:id=2&_=1489747619777&','127.0.0.1','2017-03-17 18:50:03'),(645,'admin','admin','[类名]:com.gray.gray.controller.SystemManagerController,[方法]:editPage,[参数]:id=2&_=1489748080104&','127.0.0.1','2017-03-17 19:27:42'),(646,'admin','admin','[类名]:com.gray.gray.controller.SystemManagerController,[方法]:delete,[参数]:id=2&','127.0.0.1','2017-03-17 19:32:51'),(647,'admin','admin','[类名]:com.gray.gray.controller.SystemManagerController,[方法]:editPage,[参数]:id=2&_=1489748080116&','127.0.0.1','2017-03-17 19:33:06'),(648,'admin','admin','[类名]:com.gray.gray.controller.SystemManagerController,[方法]:delete,[参数]:id=2&','127.0.0.1','2017-03-17 19:33:10'),(649,'admin','admin','[类名]:com.gray.gray.controller.StrategyManagerController,[方法]:delete,[参数]:id=2&','127.0.0.1','2017-03-17 19:33:20'),(650,'admin','admin','[类名]:com.gray.gray.controller.StrategyManagerController,[方法]:editPage,[参数]:id=2&_=1489748080117&','127.0.0.1','2017-03-17 20:01:08'),(651,'admin','admin','[类名]:com.gray.gray.controller.SystemManagerController,[方法]:editPage,[参数]:id=1&_=1489748080119&','127.0.0.1','2017-03-17 20:19:49'),(652,'admin','admin','[类名]:com.gray.gray.controller.SystemManagerController,[方法]:editPage,[参数]:id=2&_=1489748080120&','127.0.0.1','2017-03-17 20:19:53'),(653,'admin','admin','[类名]:com.gray.gray.controller.SystemManagerController,[方法]:editPage,[参数]:id=3&_=1489748080121&','127.0.0.1','2017-03-17 20:19:57'),(654,'admin','admin','[类名]:com.gray.sys.controller.ResourceController,[方法]:addPage,[参数]:',NULL,'2017-03-20 10:33:15'),(655,'admin','admin','[类名]:com.gray.sys.controller.ResourceController,[方法]:add,[参数]:name=策略&resourceType=1&url=/systemManager/strategy&openMode=ajax&icon=&seq=0&status=0&opened=1&pid=244&','127.0.0.1','2017-03-20 10:34:06'),(656,'admin','admin','[类名]:com.gray.sys.controller.ResourceController,[方法]:addPage,[参数]:',NULL,'2017-03-20 10:34:22'),(657,'admin','admin','[类名]:com.gray.sys.controller.ResourceController,[方法]:add,[参数]:name=白名单&resourceType=1&url=/systemManager/whitelist&openMode=ajax&icon=&seq=0&status=0&opened=1&pid=&','127.0.0.1','2017-03-20 10:34:48'),(658,'admin','admin','[类名]:com.gray.sys.controller.ResourceController,[方法]:editPage,[参数]:id=259&_=1489754181334&','127.0.0.1','2017-03-20 10:35:02'),(659,'admin','admin','[类名]:com.gray.sys.controller.ResourceController,[方法]:edit,[参数]:id=259&name=白名单&resourceType=1&url=/systemManager/whitelist&openMode=ajax&icon=&seq=0&status=0&opened=1&pid=244&','127.0.0.1','2017-03-20 10:35:10'),(660,'admin','admin','[类名]:com.gray.sys.controller.RoleController,[方法]:grantPage,[参数]:id=1&_=1489754181336&','127.0.0.1','2017-03-20 10:35:18'),(661,'admin','admin','[类名]:com.gray.sys.controller.RoleController,[方法]:grant,[参数]:id=1&resourceIds=230,231,233,234,235,236,232,238,239,240,241,244,258,259,245,246,247,248,251,252,253,254,255,221,227,228,229,1,11,111,112,113,114,12,121,122,123,124,125,13,131,132,133,134,14,141,142,143,144,226&','127.0.0.1','2017-03-20 10:35:26'),(662,'admin','admin','[类名]:com.gray.sys.controller.ResourceController,[方法]:editPage,[参数]:id=259&_=1489754181339&','127.0.0.1','2017-03-20 10:36:08'),(663,'admin','admin','[类名]:com.gray.sys.controller.ResourceController,[方法]:edit,[参数]:id=259&name=白名单&resourceType=1&url=/systemManager/whitelist&openMode=ajax&icon=fi-torsos&seq=0&status=0&opened=1&pid=244&','127.0.0.1','2017-03-20 10:36:13'),(664,'admin','admin','[类名]:com.gray.sys.controller.ResourceController,[方法]:editPage,[参数]:id=258&_=1489754181340&','127.0.0.1','2017-03-20 10:36:43'),(665,'admin','admin','[类名]:com.gray.sys.controller.ResourceController,[方法]:edit,[参数]:id=258&name=策略&resourceType=1&url=/systemManager/strategy&openMode=ajax&icon=fi-elevator&seq=0&status=0&opened=1&pid=244&','127.0.0.1','2017-03-20 10:36:48'),(666,'admin','admin','[类名]:com.gray.sys.controller.LoginController,[方法]:logout,[参数]:',NULL,'2017-03-20 10:37:03'),(667,'admin','admin','[类名]:com.gray.sys.controller.RoleController,[方法]:grantPage,[参数]:id=1&_=1489977437073&','127.0.0.1','2017-03-20 10:38:15'),(668,'admin','admin','[类名]:com.gray.sys.controller.RoleController,[方法]:grant,[参数]:id=1&resourceIds=230,231,233,234,235,236,232,238,239,240,241,244,258,259,245,246,247,248,251,252,253,254,255,221,227,228,229,1,11,111,112,113,114,12,121,122,123,124,125,13,131,132,133,134,14,141,142,143,144,226&','127.0.0.1','2017-03-20 10:38:26'),(669,'admin','admin','[类名]:com.gray.sys.controller.LoginController,[方法]:logout,[参数]:',NULL,'2017-03-20 10:38:42'),(670,'admin','admin','[类名]:com.gray.gray.controller.SystemManagerController,[方法]:editPage,[参数]:id=3&_=1489977591785&','127.0.0.1','2017-03-20 11:00:36'),(671,'admin','admin','[类名]:com.gray.gray.controller.SystemManagerController,[方法]:editPage,[参数]:id=3&_=1489977591790&','127.0.0.1','2017-03-20 11:04:03'),(672,'admin','admin','[类名]:com.gray.gray.controller.StrategyManagerController,[方法]:addPage,[参数]:',NULL,'2017-03-20 11:21:52'),(673,'admin','admin','[类名]:com.gray.gray.controller.StrategyManagerController,[方法]:addPage,[参数]:',NULL,'2017-03-20 11:34:50'),(674,'admin','admin','[类名]:com.gray.gray.controller.SystemManagerController,[方法]:editPage,[参数]:id=1&_=1489977591799&','127.0.0.1','2017-03-20 13:06:32'),(675,'admin','admin','[类名]:com.gray.gray.controller.SystemManagerController,[方法]:addPage,[参数]:',NULL,'2017-03-20 13:06:39'),(676,'admin','admin','[类名]:com.gray.gray.controller.SystemManagerController,[方法]:addPage,[参数]:',NULL,'2017-03-20 13:07:31'),(677,'admin','admin','[类名]:com.gray.gray.controller.SystemManagerController,[方法]:editPage,[参数]:id=1&_=1489977591802&','127.0.0.1','2017-03-20 13:08:16'),(678,'admin','admin','[类名]:com.gray.gray.controller.SystemManagerController,[方法]:addPage,[参数]:',NULL,'2017-03-20 13:08:20'),(679,'admin','admin','[类名]:com.gray.gray.controller.StrategyManagerController,[方法]:addPage,[参数]:',NULL,'2017-03-20 13:09:07'),(680,'admin','admin','[类名]:com.gray.gray.controller.SystemManagerController,[方法]:addPage,[参数]:',NULL,'2017-03-20 13:15:28'),(681,'admin','admin','[类名]:com.gray.gray.controller.WhiteListController,[方法]:editPage,[参数]:id=2&_=1489986920247&','127.0.0.1','2017-03-20 13:18:05'),(682,'admin','admin','[类名]:com.gray.gray.controller.WhiteListController,[方法]:editPage,[参数]:id=2&_=1489986920248&','127.0.0.1','2017-03-20 13:18:10'),(683,'admin','admin','[类名]:com.gray.gray.controller.WhiteListController,[方法]:editPage,[参数]:id=1&_=1489986920249&','127.0.0.1','2017-03-20 13:18:13'),(684,'admin','admin','[类名]:com.gray.gray.controller.WhiteListController,[方法]:edit,[参数]:id=1&groupId=2&status=1&param={\"userNo\":\"t000001\"}&remark=&','127.0.0.1','2017-03-20 13:18:17'),(685,'admin','admin','[类名]:com.gray.gray.controller.WhiteListController,[方法]:editPage,[参数]:id=1&_=1489986920250&','127.0.0.1','2017-03-20 13:18:19'),(686,'admin','admin','[类名]:com.gray.gray.controller.WhiteListController,[方法]:addPage,[参数]:',NULL,'2017-03-20 13:51:32'),(687,'admin','admin','[类名]:com.gray.gray.controller.SystemManagerController,[方法]:addPage,[参数]:',NULL,'2017-03-20 13:51:38'),(688,'admin','admin','[类名]:com.gray.gray.controller.SystemManagerController,[方法]:add,[参数]:name=11&systemId=1111&grayIp=111&deployIp=1111&upstream=111&param=1111&nginx_strategy=1&dubbo_strategy=2&nginxs=111&remark=111&status=0&','127.0.0.1','2017-03-20 13:51:58'),(689,'admin','admin','[类名]:com.gray.gray.controller.SystemManagerController,[方法]:add,[参数]:name=11&systemId=1111&grayIp=111&deployIp=1111&upstream=111&param=1111&nginx_strategy=1&dubbo_strategy=2&nginxs=&remark=111&status=0&','127.0.0.1','2017-03-20 13:53:00'),(690,'admin','admin','[类名]:com.gray.gray.controller.SystemManagerController,[方法]:add,[参数]:name=1111&systemId=1111&grayIp=111&deployIp=1111&upstream=111&param=1111&nginx_strategy=1&dubbo_strategy=2&nginxs=&remark=111&status=0&','127.0.0.1','2017-03-20 13:53:28'),(691,'admin','admin','[类名]:com.gray.gray.controller.SystemManagerController,[方法]:add,[参数]:name=1111&systemId=1111111&grayIp=111&deployIp=1111&upstream=111&param=1111&nginx_strategy=1&dubbo_strategy=2&nginxs=&remark=111&status=0&','127.0.0.1','2017-03-20 13:53:44'),(692,'admin','admin','[类名]:com.gray.gray.controller.SystemManagerController,[方法]:add,[参数]:name=1111&systemId=111111111&grayIp=111&deployIp=1111&upstream=111&param=1111&nginx_strategy=1&dubbo_strategy=2&nginxs=&remark=111&status=0&','127.0.0.1','2017-03-20 13:55:31'),(693,'admin','admin','[类名]:com.gray.gray.controller.SystemManagerController,[方法]:add,[参数]:name=1111&systemId=22222&grayIp=111&deployIp=1111&upstream=111&param=1111&nginx_strategy=1&dubbo_strategy=2&nginxs=&remark=111&status=0&','127.0.0.1','2017-03-20 14:00:19'),(694,'admin','admin','[类名]:com.gray.gray.controller.SystemManagerController,[方法]:add,[参数]:name=1111&systemId=222221&grayIp=111&deployIp=1111&upstream=111&param=1111&nginx_strategy=1&dubbo_strategy=2&nginxs=&remark=111&status=0&','127.0.0.1','2017-03-20 14:06:08'),(695,'admin','admin','[类名]:com.gray.gray.controller.SystemManagerController,[方法]:addPage,[参数]:',NULL,'2017-03-20 14:11:13'),(696,'admin','admin','[类名]:com.gray.gray.controller.SystemManagerController,[方法]:add,[参数]:name=12&systemId=1212&grayIp=222&deployIp=1&upstream=1&param=1&nginx_strategy=1&dubbo_strategy=2&nginxs=&remark=&status=0&','127.0.0.1','2017-03-20 14:11:41'),(697,'admin','admin','[类名]:com.gray.gray.controller.SystemManagerController,[方法]:add,[参数]:name=12&systemId=1212&grayIp=222&deployIp=1&upstream=1&param=1&nginx_strategy=1&dubbo_strategy=2&nginxs=&remark=&status=0&','127.0.0.1','2017-03-20 14:15:52'),(698,'admin','admin','[类名]:com.gray.gray.controller.SystemManagerController,[方法]:addPage,[参数]:',NULL,'2017-03-20 14:17:37'),(699,'admin','admin','[类名]:com.gray.gray.controller.SystemManagerController,[方法]:add,[参数]:name=44&systemId=44&grayIp=44&deployIp=44&upstream=44&param=44&strategy_0=1&strategy_1=2&nginxs=&remark=&status=0&','127.0.0.1','2017-03-20 14:17:56'),(700,'admin','admin','[类名]:com.gray.gray.controller.SystemManagerController,[方法]:add,[参数]:name=44&systemId=44111&grayIp=44&deployIp=44&upstream=44&param=44&strategy_0=1&strategy_1=2&nginxs=&remark=&status=0&','127.0.0.1','2017-03-20 14:19:41'),(701,'admin','admin','[类名]:com.gray.gray.controller.SystemManagerController,[方法]:add,[参数]:name=44&systemId=4411111&grayIp=44&deployIp=44&upstream=44&param=44&strategy_0=1&strategy_1=2&nginxs=&remark=&status=0&','127.0.0.1','2017-03-20 14:23:22'),(702,'admin','admin','[类名]:com.gray.gray.controller.SystemManagerController,[方法]:delete,[参数]:id=12&','127.0.0.1','2017-03-20 14:24:30'),(703,'admin','admin','[类名]:com.gray.gray.controller.SystemManagerController,[方法]:delete,[参数]:id=12&','127.0.0.1','2017-03-20 14:24:35'),(704,'admin','admin','[类名]:com.gray.gray.controller.SystemManagerController,[方法]:delete,[参数]:id=12&','127.0.0.1','2017-03-20 14:25:09'),(705,'admin','admin','[类名]:com.gray.gray.controller.SystemManagerController,[方法]:addPage,[参数]:',NULL,'2017-03-20 14:26:48'),(706,'admin','admin','[类名]:com.gray.gray.controller.SystemManagerController,[方法]:add,[参数]:name=55&systemId=55&grayIp=55&deployIp=55&upstream=55&param=55&strategy_nginx=1&strategy_dubbo=2&nginxs=&remark=&status=0&','127.0.0.1','2017-03-20 14:28:14'),(707,'admin','admin','[类名]:com.gray.gray.controller.SystemManagerController,[方法]:delete,[参数]:id=13&','127.0.0.1','2017-03-20 14:30:37'),(708,'admin','admin','[类名]:com.gray.gray.controller.SystemManagerController,[方法]:delete,[参数]:id=12&','127.0.0.1','2017-03-20 14:30:47'),(709,'admin','admin','[类名]:com.gray.gray.controller.SystemManagerController,[方法]:delete,[参数]:id=11&','127.0.0.1','2017-03-20 14:30:51'),(710,'admin','admin','[类名]:com.gray.gray.controller.SystemManagerController,[方法]:delete,[参数]:id=10&','127.0.0.1','2017-03-20 14:30:56'),(711,'admin','admin','[类名]:com.gray.gray.controller.SystemManagerController,[方法]:delete,[参数]:id=9&','127.0.0.1','2017-03-20 14:31:01'),(712,'admin','admin','[类名]:com.gray.gray.controller.SystemManagerController,[方法]:delete,[参数]:id=8&','127.0.0.1','2017-03-20 14:31:11'),(713,'admin','admin','[类名]:com.gray.gray.controller.SystemManagerController,[方法]:delete,[参数]:id=7&','127.0.0.1','2017-03-20 14:31:15'),(714,'admin','admin','[类名]:com.gray.gray.controller.SystemManagerController,[方法]:delete,[参数]:id=6&','127.0.0.1','2017-03-20 14:31:20'),(715,'admin','admin','[类名]:com.gray.gray.controller.SystemManagerController,[方法]:delete,[参数]:id=5&','127.0.0.1','2017-03-20 14:31:25'),(716,'admin','admin','[类名]:com.gray.gray.controller.SystemManagerController,[方法]:delete,[参数]:id=4&','127.0.0.1','2017-03-20 14:31:29'),(717,'admin','admin','[类名]:com.gray.gray.controller.SystemManagerController,[方法]:addPage,[参数]:',NULL,'2017-03-20 14:31:47'),(718,'admin','admin','[类名]:com.gray.gray.controller.SystemManagerController,[方法]:add,[参数]:name=11&systemId=11&grayIp=11&deployIp=1111&upstream=11&param=11&strategy_nginx=1&strategy_dubbo=2&nginxs=&remark=&status=0&','127.0.0.1','2017-03-20 14:32:07'),(719,'admin','admin','[类名]:com.gray.gray.controller.SystemManagerController,[方法]:editPage,[参数]:id=14&_=1489990648435&','127.0.0.1','2017-03-20 14:39:07'),(720,'admin','admin','[类名]:com.gray.gray.controller.SystemManagerController,[方法]:editPage,[参数]:id=14&_=1489990648436&','127.0.0.1','2017-03-20 14:45:54'),(721,'admin','admin','[类名]:com.gray.gray.controller.SystemManagerController,[方法]:editPage,[参数]:id=14&_=1489990648437&','127.0.0.1','2017-03-20 14:49:23'),(722,'admin','admin','[类名]:com.gray.gray.controller.SystemManagerController,[方法]:editPage,[参数]:id=14&_=1489990648438&','127.0.0.1','2017-03-20 14:49:56'),(723,'admin','admin','[类名]:com.gray.gray.controller.SystemManagerController,[方法]:editPage,[参数]:id=14&_=1489990648439&','127.0.0.1','2017-03-20 14:51:15'),(724,'admin','admin','[类名]:com.gray.gray.controller.SystemManagerController,[方法]:editPage,[参数]:id=14&_=1489990648440&','127.0.0.1','2017-03-20 14:57:32'),(725,'admin','admin','[类名]:com.gray.gray.controller.WhiteListController,[方法]:editPage,[参数]:id=1&_=1489990648444&','127.0.0.1','2017-03-20 14:59:28'),(726,'admin','admin','[类名]:com.gray.gray.controller.SystemManagerController,[方法]:editPage,[参数]:id=14&_=1489990648446&','127.0.0.1','2017-03-20 14:59:38'),(727,'admin','admin','[类名]:com.gray.gray.controller.SystemManagerController,[方法]:editPage,[参数]:id=14&_=1489990648447&','127.0.0.1','2017-03-20 15:01:41'),(728,'admin','admin','[类名]:com.gray.gray.controller.SystemManagerController,[方法]:editPage,[参数]:id=14&_=1489990648448&','127.0.0.1','2017-03-20 15:01:59'),(729,'admin','admin','[类名]:com.gray.gray.controller.SystemManagerController,[方法]:editPage,[参数]:id=14&_=1489990648449&','127.0.0.1','2017-03-20 15:08:47'),(730,'admin','admin','[类名]:com.gray.gray.controller.SystemManagerController,[方法]:editPage,[参数]:id=14&_=1489990648450&','127.0.0.1','2017-03-20 15:09:00'),(731,'admin','admin','[类名]:com.gray.gray.controller.SystemManagerController,[方法]:edit,[参数]:name=11&systemId=11&grayIp=11&deployIp=1111&upstream=11&param=11&strategy_nginx=2&strategy_dubbo=2&nginxs=&remark=&id=14&oldSystemId=11&','127.0.0.1','2017-03-20 15:09:06'),(732,'admin','admin','[类名]:com.gray.gray.controller.SystemManagerController,[方法]:editPage,[参数]:id=14&_=1489990648451&','127.0.0.1','2017-03-20 15:09:08'),(733,'admin','admin','[类名]:com.gray.sys.controller.ResourceController,[方法]:delete,[参数]:id=258&','127.0.0.1','2017-03-20 15:10:02'),(734,'admin','admin','[类名]:com.gray.gray.controller.SystemManagerController,[方法]:editPage,[参数]:id=14&_=1489990648460&','127.0.0.1','2017-03-20 15:25:30'),(735,'admin','admin','[类名]:com.gray.sys.controller.RoleController,[方法]:grantPage,[参数]:id=1&_=1489994810297&','127.0.0.1','2017-03-20 15:27:06'),(736,'admin','admin','[类名]:com.gray.sys.controller.RoleController,[方法]:grant,[参数]:id=1&resourceIds=230,231,233,234,235,236,232,238,239,240,241,244,259,245,246,247,248,251,252,253,254,255,221,227,228,229,1,11,111,112,113,114,12,121,122,123,124,125,13,131,132,133,134,14,141,142,143,144,226&','127.0.0.1','2017-03-20 15:27:13'),(737,'admin','admin','[类名]:com.gray.sys.controller.LoginController,[方法]:logout,[参数]:',NULL,'2017-03-20 15:27:17'),(738,'admin','admin','[类名]:com.gray.sys.controller.RoleController,[方法]:grantPage,[参数]:id=1&_=1489995613439&','127.0.0.1','2017-03-20 15:42:08'),(739,'admin','admin','[类名]:com.gray.sys.controller.ResourceController,[方法]:editPage,[参数]:id=232&_=1490001880872&','127.0.0.1','2017-03-20 18:51:02'),(740,'admin','admin','[类名]:com.gray.sys.controller.ResourceController,[方法]:edit,[参数]:id=232&name=白名单管理&resourceType=0&url=/whiteList/manager&openMode=&icon=fi-male-female&seq=0&status=0&opened=1&pid=230&','127.0.0.1','2017-03-20 18:51:06'),(741,'admin','admin','[类名]:com.gray.sys.controller.ResourceController,[方法]:editPage,[参数]:id=244&_=1490001880873&','127.0.0.1','2017-03-20 18:52:46'),(742,'admin','admin','[类名]:com.gray.sys.controller.ResourceController,[方法]:edit,[参数]:id=244&name=系统管理&resourceType=0&url=/systemManager/manager&openMode=&icon=fi-web&seq=0&status=0&opened=1&pid=230&','127.0.0.1','2017-03-20 18:52:50'),(743,'admin','admin','[类名]:com.gray.sys.controller.ResourceController,[方法]:editPage,[参数]:id=251&_=1490001880874&','127.0.0.1','2017-03-20 18:53:55'),(744,'admin','admin','[类名]:com.gray.sys.controller.ResourceController,[方法]:edit,[参数]:id=251&name=策略管理&resourceType=0&url=/strategyManager/manager&openMode=&icon=fi-folder-add&seq=0&status=0&opened=1&pid=230&','127.0.0.1','2017-03-20 18:54:00'),(745,'admin','admin','[类名]:com.gray.sys.controller.ResourceController,[方法]:editPage,[参数]:id=251&_=1490001880875&','127.0.0.1','2017-03-20 18:54:42'),(746,'admin','admin','[类名]:com.gray.sys.controller.ResourceController,[方法]:edit,[参数]:id=251&name=策略管理&resourceType=0&url=/strategyManager/manager&openMode=&icon=fi-contrast&seq=0&status=0&opened=1&pid=230&','127.0.0.1','2017-03-20 18:54:47'),(747,'admin','admin','[类名]:com.gray.sys.controller.ResourceController,[方法]:addPage,[参数]:',NULL,'2017-03-20 18:56:10'),(748,'admin','admin','[类名]:com.gray.sys.controller.ResourceController,[方法]:add,[参数]:name=灰度发布&resourceType=0&url=&openMode=ajax&icon=fi-rss&seq=0&status=0&opened=1&pid=230&','127.0.0.1','2017-03-20 18:57:34'),(749,'admin','admin','[类名]:com.gray.sys.controller.ResourceController,[方法]:editPage,[参数]:id=260&_=1490001880880&','127.0.0.1','2017-03-20 18:57:46'),(750,'admin','admin','[类名]:com.gray.sys.controller.ResourceController,[方法]:edit,[参数]:id=260&name=灰度发布&resourceType=0&url=/systemGrayr/startService&openMode=ajax&icon=fi-rss&seq=0&status=0&opened=1&pid=260&','127.0.0.1','2017-03-20 18:58:26'),(751,'admin','admin','[类名]:com.gray.sys.controller.ResourceController,[方法]:editPage,[参数]:id=260&_=1490001880881&','127.0.0.1','2017-03-20 18:58:49'),(752,'admin','admin','[类名]:com.gray.sys.controller.ResourceController,[方法]:addPage,[参数]:',NULL,'2017-03-20 18:59:30'),(753,'admin','admin','[类名]:com.gray.sys.controller.ResourceController,[方法]:add,[参数]:name=服务灰度&resourceType=0&url=/systemGrayr/startService&openMode=ajax&icon=&seq=0&status=0&opened=1&pid=260&','127.0.0.1','2017-03-20 19:00:16'),(754,'admin','admin','[类名]:com.gray.sys.controller.ResourceController,[方法]:editPage,[参数]:id=260&_=1490001880883&','127.0.0.1','2017-03-20 19:00:19'),(755,'admin','admin','[类名]:com.gray.sys.controller.ResourceController,[方法]:edit,[参数]:id=260&name=灰度发布&resourceType=0&url=&openMode=&icon=fi-rss&seq=0&status=0&opened=1&pid=230&','127.0.0.1','2017-03-20 19:00:24'),(756,'admin','admin','[类名]:com.gray.sys.controller.ResourceController,[方法]:editPage,[参数]:id=261&_=1490001880884&','127.0.0.1','2017-03-20 19:00:42'),(757,'admin','admin','[类名]:com.gray.sys.controller.ResourceController,[方法]:edit,[参数]:id=261&name=服务灰度&resourceType=0&url=/systemGrayr/startService&openMode=&icon=fi-share&seq=0&status=0&opened=1&pid=260&','127.0.0.1','2017-03-20 19:00:45'),(758,'admin','admin','[类名]:com.gray.sys.controller.ResourceController,[方法]:editPage,[参数]:id=230&_=1490001880886&','127.0.0.1','2017-03-20 19:06:51'),(759,'admin','admin','[类名]:com.gray.sys.controller.ResourceController,[方法]:editPage,[参数]:id=260&_=1490001880887&','127.0.0.1','2017-03-20 19:06:53'),(760,'admin','admin','[类名]:com.gray.sys.controller.ResourceController,[方法]:edit,[参数]:id=260&name=灰度发布&resourceType=0&url=/systemGray/manager&openMode=ajax&icon=fi-rss&seq=0&status=0&opened=1&pid=230&','127.0.0.1','2017-03-20 19:07:22'),(761,'admin','admin','[类名]:com.gray.sys.controller.ResourceController,[方法]:editPage,[参数]:id=230&_=1490001880888&','127.0.0.1','2017-03-20 19:07:30'),(762,'admin','admin','[类名]:com.gray.sys.controller.ResourceController,[方法]:edit,[参数]:id=230&name=灰度管理&resourceType=0&url=&openMode=ajax&icon=fi-cloud&seq=0&status=0&opened=0&pid=&','127.0.0.1','2017-03-20 19:07:35'),(763,'admin','admin','[类名]:com.gray.sys.controller.ResourceController,[方法]:editPage,[参数]:id=230&_=1490001880889&','127.0.0.1','2017-03-20 19:07:39'),(764,'admin','admin','[类名]:com.gray.sys.controller.ResourceController,[方法]:editPage,[参数]:id=230&_=1490001880890&','127.0.0.1','2017-03-20 19:07:54'),(765,'admin','admin','[类名]:com.gray.sys.controller.ResourceController,[方法]:editPage,[参数]:id=260&_=1490001880891&','127.0.0.1','2017-03-20 19:08:13'),(766,'admin','admin','[类名]:com.gray.sys.controller.ResourceController,[方法]:edit,[参数]:id=260&name=灰度发布&resourceType=0&url=/systemGray/manager&openMode=ajax&icon=fi-rss&seq=0&status=0&opened=1&pid=230&','127.0.0.1','2017-03-20 19:08:18'),(767,'admin','admin','[类名]:com.gray.sys.controller.RoleController,[方法]:grantPage,[参数]:id=1&_=1490008179597&','127.0.0.1','2017-03-20 19:09:48'),(768,'admin','admin','[类名]:com.gray.sys.controller.RoleController,[方法]:grant,[参数]:id=1&resourceIds=230,260,261,231,233,234,235,236,232,238,239,240,241,244,259,245,246,247,248,251,252,253,254,255,221,227,228,229,1,11,111,112,113,114,12,121,122,123,124,125,13,131,132,133,134,14,141,142,143,144,226&','127.0.0.1','2017-03-20 19:09:54'),(769,'admin','admin','[类名]:com.gray.sys.controller.ResourceController,[方法]:editPage,[参数]:id=261&_=1490008179601&','127.0.0.1','2017-03-20 19:10:28'),(770,'admin','admin','[类名]:com.gray.sys.controller.ResourceController,[方法]:edit,[参数]:id=261&name=服务灰度&resourceType=1&url=/systemGrayr/startService&openMode=ajax&icon=fi-share&seq=0&status=0&opened=1&pid=260&','127.0.0.1','2017-03-20 19:10:40'),(771,'admin','admin','[类名]:com.gray.gray.controller.SystemManagerController,[方法]:editPage,[参数]:id=14&_=1490008179617&','127.0.0.1','2017-03-20 19:24:06'),(772,'admin','admin','[类名]:com.gray.gray.controller.SystemManagerController,[方法]:editPage,[参数]:id=14&_=1490008179623&','127.0.0.1','2017-03-21 09:25:28'),(773,'admin','admin','[类名]:com.gray.sys.controller.ResourceController,[方法]:editPage,[参数]:id=261&_=1490008179627&','127.0.0.1','2017-03-21 10:59:06'),(774,'admin','admin','[类名]:com.gray.sys.controller.ResourceController,[方法]:edit,[参数]:id=261&name=服务灰度&resourceType=1&url=/systemGrayr/startSystemGray&openMode=ajax&icon=fi-share&seq=0&status=0&opened=1&pid=260&','127.0.0.1','2017-03-21 10:59:20'),(775,'admin','admin','[类名]:com.gray.sys.controller.ResourceController,[方法]:editPage,[参数]:id=261&_=1490008179628&','127.0.0.1','2017-03-21 10:59:29'),(776,'admin','admin','[类名]:com.gray.sys.controller.ResourceController,[方法]:edit,[参数]:id=261&name=启动灰度&resourceType=1&url=/systemGrayr/startSystemGray&openMode=ajax&icon=fi-share&seq=0&status=0&opened=1&pid=260&','127.0.0.1','2017-03-21 10:59:37'),(777,'admin','admin','[类名]:com.gray.sys.controller.ResourceController,[方法]:addPage,[参数]:',NULL,'2017-03-21 10:59:46'),(778,'admin','admin','[类名]:com.gray.sys.controller.ResourceController,[方法]:add,[参数]:name=添加灰度&resourceType=1&url=/systemGray/stopSystemGray&openMode=ajax&icon=fi-x-circle&seq=0&status=0&opened=1&pid=260&','127.0.0.1','2017-03-21 11:00:56'),(779,'admin','admin','[类名]:com.gray.sys.controller.ResourceController,[方法]:editPage,[参数]:id=262&_=1490008179630&','127.0.0.1','2017-03-21 11:01:01'),(780,'admin','admin','[类名]:com.gray.sys.controller.ResourceController,[方法]:edit,[参数]:id=262&name=停止灰度&resourceType=1&url=/systemGray/stopSystemGray&openMode=ajax&icon=fi-x-circle&seq=0&status=0&opened=1&pid=260&','127.0.0.1','2017-03-21 11:01:09'),(781,'admin','admin','[类名]:com.gray.sys.controller.ResourceController,[方法]:addPage,[参数]:',NULL,'2017-03-21 11:01:17'),(782,'admin','admin','[类名]:com.gray.sys.controller.ResourceController,[方法]:addPage,[参数]:',NULL,'2017-03-21 11:01:46'),(783,'admin','admin','[类名]:com.gray.sys.controller.ResourceController,[方法]:add,[参数]:name=刷新白名单&resourceType=0&url=/systemGrayr/reloadSystemWhitelist&openMode=ajax&icon=fi-male-female&seq=0&status=0&opened=1&pid=260&','127.0.0.1','2017-03-21 11:02:44'),(784,'admin','admin','[类名]:com.gray.sys.controller.RoleController,[方法]:grantPage,[参数]:id=1&_=1490008179634&','127.0.0.1','2017-03-21 11:02:50'),(785,'admin','admin','[类名]:com.gray.sys.controller.RoleController,[方法]:grant,[参数]:id=1&resourceIds=230,260,261,262,263,231,233,234,235,236,232,238,239,240,241,244,259,245,246,247,248,251,252,253,254,255,221,227,228,229,1,11,111,112,113,114,12,121,122,123,124,125,13,131,132,133,134,14,141,142,143,144,226&','127.0.0.1','2017-03-21 11:02:53'),(786,'admin','admin','[类名]:com.gray.sys.controller.LoginController,[方法]:logout,[参数]:',NULL,'2017-03-21 11:02:59'),(787,'admin','admin','[类名]:com.gray.sys.controller.ResourceController,[方法]:editPage,[参数]:id=263&_=1490065385790&','127.0.0.1','2017-03-21 11:03:19'),(788,'admin','admin','[类名]:com.gray.sys.controller.ResourceController,[方法]:edit,[参数]:id=263&name=刷新白名单&resourceType=1&url=/systemGrayr/reloadSystemWhitelist&openMode=&icon=fi-male-female&seq=0&status=0&opened=1&pid=260&','127.0.0.1','2017-03-21 11:03:23'),(789,'admin','admin','[类名]:com.gray.sys.controller.RoleController,[方法]:grantPage,[参数]:id=1&_=1490065385792&','127.0.0.1','2017-03-21 11:03:28'),(790,'admin','admin','[类名]:com.gray.sys.controller.RoleController,[方法]:grant,[参数]:id=1&resourceIds=230,260,261,262,263,231,233,234,235,236,232,238,239,240,241,244,259,245,246,247,248,251,252,253,254,255,221,227,228,229,1,11,111,112,113,114,12,121,122,123,124,125,13,131,132,133,134,14,141,142,143,144,226&','127.0.0.1','2017-03-21 11:03:30'),(791,'admin','admin','[类名]:com.gray.sys.controller.LoginController,[方法]:logout,[参数]:',NULL,'2017-03-21 11:03:35'),(792,'admin','admin','[类名]:com.gray.sys.controller.RoleController,[方法]:grantPage,[参数]:id=1&_=1490065423041&','127.0.0.1','2017-03-21 11:04:44'),(793,'admin','admin','[类名]:com.gray.sys.controller.RoleController,[方法]:grant,[参数]:id=1&resourceIds=230,260,261,262,263,231,233,234,235,236,232,238,239,240,241,244,259,245,246,247,248,251,252,253,254,255,221,227,228,229,1,11,111,112,113,114,12,121,122,123,124,125,13,131,132,133,134,14,141,142,143,144,226&','127.0.0.1','2017-03-21 11:04:46'),(794,'admin','admin','[类名]:com.gray.sys.controller.LoginController,[方法]:logout,[参数]:',NULL,'2017-03-21 11:04:54'),(795,'admin','admin','[类名]:com.gray.sys.controller.ResourceController,[方法]:addPage,[参数]:',NULL,'2017-03-21 11:07:55'),(796,'admin','admin','[类名]:com.gray.sys.controller.ResourceController,[方法]:add,[参数]:name=批量开启灰度&resourceType=1&url=/systemGray/startSystemGray&openMode=ajax&icon=fi-refresh&seq=0&status=0&opened=1&pid=260&','127.0.0.1','2017-03-21 11:08:32'),(797,'admin','admin','[类名]:com.gray.sys.controller.ResourceController,[方法]:addPage,[参数]:',NULL,'2017-03-21 11:08:36'),(798,'admin','admin','[类名]:com.gray.sys.controller.ResourceController,[方法]:add,[参数]:name=批量关闭灰度&resourceType=1&url=/systemGray/stopSystemGray&openMode=ajax&icon=fi-refresh&seq=0&status=0&opened=1&pid=260&','127.0.0.1','2017-03-21 11:09:09'),(799,'admin','admin','[类名]:com.gray.sys.controller.RoleController,[方法]:grantPage,[参数]:id=1&_=1490065576162&','127.0.0.1','2017-03-21 11:09:17'),(800,'admin','admin','[类名]:com.gray.sys.controller.RoleController,[方法]:grant,[参数]:id=1&resourceIds=230,260,261,262,263,264,265,231,233,234,235,236,232,238,239,240,241,244,259,245,246,247,248,251,252,253,254,255,221,227,228,229,1,11,111,112,113,114,12,121,122,123,124,125,13,131,132,133,134,14,141,142,143,144,226&','127.0.0.1','2017-03-21 11:09:20'),(801,'admin','admin','[类名]:com.gray.sys.controller.LoginController,[方法]:logout,[参数]:',NULL,'2017-03-21 11:09:23'),(802,'admin','admin','[类名]:com.gray.gray.controller.SystemManagerController,[方法]:editPage,[参数]:id=1&_=1490065785588&','127.0.0.1','2017-03-21 11:14:00'),(803,'admin','admin','[类名]:com.gray.gray.controller.SystemManagerController,[方法]:addPage,[参数]:',NULL,'2017-03-21 11:14:11'),(804,'admin','admin','[类名]:com.gray.gray.controller.SystemManagerController,[方法]:editPage,[参数]:id=1&_=1490065785590&','127.0.0.1','2017-03-21 11:14:17'),(805,'admin','admin','[类名]:com.gray.gray.controller.SystemManagerController,[方法]:editPage,[参数]:id=3&_=1490065785591&','127.0.0.1','2017-03-21 11:14:19'),(806,'admin','admin','[类名]:com.gray.gray.controller.SystemManagerController,[方法]:editPage,[参数]:id=14&_=1490065785592&','127.0.0.1','2017-03-21 11:14:23'),(807,'admin','admin','[类名]:com.gray.gray.controller.SystemManagerController,[方法]:editPage,[参数]:id=1&_=1490065785593&','127.0.0.1','2017-03-21 11:18:30'),(808,'admin','admin','[类名]:com.gray.gray.controller.SystemManagerController,[方法]:editPage,[参数]:id=1&_=1490065785594&','127.0.0.1','2017-03-21 11:19:14'),(809,'admin','admin','[类名]:com.gray.gray.controller.SystemManagerController,[方法]:editPage,[参数]:id=1&_=1490065785595&','127.0.0.1','2017-03-21 11:19:43'),(810,'admin','admin','[类名]:com.gray.gray.controller.SystemManagerController,[方法]:editPage,[参数]:id=1&_=1490065785609&','127.0.0.1','2017-03-21 13:28:14'),(811,'admin','admin','[类名]:com.gray.gray.controller.SystemManagerController,[方法]:editPage,[参数]:id=1&_=1490065785610&','127.0.0.1','2017-03-21 13:30:13'),(812,'admin','admin','[类名]:com.gray.gray.controller.SystemManagerController,[方法]:addPage,[参数]:',NULL,'2017-03-21 13:30:25'),(813,'admin','admin','[类名]:com.gray.gray.controller.SystemManagerController,[方法]:addPage,[参数]:',NULL,'2017-03-21 13:34:25'),(814,'admin','admin','[类名]:com.gray.gray.controller.SystemManagerController,[方法]:addPage,[参数]:',NULL,'2017-03-21 13:35:11'),(815,'admin','admin','[类名]:com.gray.gray.controller.SystemManagerController,[方法]:addPage,[参数]:',NULL,'2017-03-21 13:36:49'),(816,'admin','admin','[类名]:com.gray.gray.controller.SystemManagerController,[方法]:addPage,[参数]:',NULL,'2017-03-21 13:37:08'),(817,'admin','admin','[类名]:com.gray.gray.controller.SystemManagerController,[方法]:addPage,[参数]:',NULL,'2017-03-21 13:37:16'),(818,'admin','admin','[类名]:com.gray.gray.controller.SystemManagerController,[方法]:addPage,[参数]:',NULL,'2017-03-21 13:40:54'),(819,'admin','admin','[类名]:com.gray.gray.controller.SystemManagerController,[方法]:addPage,[参数]:',NULL,'2017-03-21 13:41:45'),(820,'admin','admin','[类名]:com.gray.gray.controller.SystemManagerController,[方法]:addPage,[参数]:',NULL,'2017-03-21 13:43:48'),(821,'admin','admin','[类名]:com.gray.gray.controller.SystemManagerController,[方法]:addPage,[参数]:',NULL,'2017-03-21 13:44:55'),(822,'admin','admin','[类名]:com.gray.gray.controller.SystemManagerController,[方法]:addPage,[参数]:',NULL,'2017-03-21 13:45:27'),(823,'admin','admin','[类名]:com.gray.gray.controller.SystemManagerController,[方法]:addPage,[参数]:',NULL,'2017-03-21 13:45:56'),(824,'admin','admin','[类名]:com.gray.gray.controller.SystemManagerController,[方法]:addPage,[参数]:',NULL,'2017-03-21 13:46:46'),(825,'admin','admin','[类名]:com.gray.gray.controller.SystemManagerController,[方法]:addPage,[参数]:',NULL,'2017-03-21 13:47:07'),(826,'admin','admin','[类名]:com.gray.gray.controller.SystemManagerController,[方法]:addPage,[参数]:',NULL,'2017-03-21 13:47:49'),(827,'admin','admin','[类名]:com.gray.gray.controller.SystemManagerController,[方法]:addPage,[参数]:',NULL,'2017-03-21 13:48:09'),(828,'admin','admin','[类名]:com.gray.gray.controller.SystemManagerController,[方法]:addPage,[参数]:',NULL,'2017-03-21 13:48:54'),(829,'admin','admin','[类名]:com.gray.gray.controller.SystemManagerController,[方法]:addPage,[参数]:',NULL,'2017-03-21 13:49:09'),(830,'admin','admin','[类名]:com.gray.gray.controller.SystemManagerController,[方法]:addPage,[参数]:',NULL,'2017-03-21 13:49:40'),(831,'admin','admin','[类名]:com.gray.gray.controller.SystemManagerController,[方法]:addPage,[参数]:',NULL,'2017-03-21 13:50:11'),(832,'admin','admin','[类名]:com.gray.gray.controller.SystemManagerController,[方法]:addPage,[参数]:',NULL,'2017-03-21 13:50:56'),(833,'admin','admin','[类名]:com.gray.gray.controller.SystemManagerController,[方法]:addPage,[参数]:',NULL,'2017-03-21 13:51:13'),(834,'admin','admin','[类名]:com.gray.gray.controller.SystemManagerController,[方法]:addPage,[参数]:',NULL,'2017-03-21 13:51:33'),(835,'admin','admin','[类名]:com.gray.gray.controller.SystemManagerController,[方法]:addPage,[参数]:',NULL,'2017-03-21 13:53:40'),(836,'admin','admin','[类名]:com.gray.gray.controller.SystemManagerController,[方法]:addPage,[参数]:',NULL,'2017-03-21 13:53:55'),(837,'admin','admin','[类名]:com.gray.gray.controller.SystemManagerController,[方法]:addPage,[参数]:',NULL,'2017-03-21 13:54:54'),(838,'admin','admin','[类名]:com.gray.gray.controller.SystemManagerController,[方法]:addPage,[参数]:',NULL,'2017-03-21 13:55:07'),(839,'admin','admin','[类名]:com.gray.gray.controller.SystemManagerController,[方法]:addPage,[参数]:',NULL,'2017-03-21 13:57:04'),(840,'admin','admin','[类名]:com.gray.gray.controller.SystemManagerController,[方法]:addPage,[参数]:',NULL,'2017-03-21 14:03:11'),(841,'admin','admin','[类名]:com.gray.gray.controller.SystemManagerController,[方法]:addPage,[参数]:',NULL,'2017-03-21 14:03:41'),(842,'admin','admin','[类名]:com.gray.gray.controller.SystemManagerController,[方法]:addPage,[参数]:',NULL,'2017-03-21 14:06:25'),(843,'admin','admin','[类名]:com.gray.gray.controller.SystemManagerController,[方法]:addPage,[参数]:',NULL,'2017-03-21 14:06:48'),(844,'admin','admin','[类名]:com.gray.gray.controller.WhiteListController,[方法]:addPage,[参数]:',NULL,'2017-03-21 15:01:39'),(845,'admin','admin','[类名]:com.gray.gray.controller.WhiteListController,[方法]:editPage,[参数]:id=1&_=1490075463193&','127.0.0.1','2017-03-21 15:01:50'),(846,'admin','admin','[类名]:com.gray.gray.controller.WhiteListController,[方法]:addPage,[参数]:',NULL,'2017-03-21 15:01:54'),(847,'admin','admin','[类名]:com.gray.gray.controller.WhiteListController,[方法]:add,[参数]:groupId=1&status=1&param={\"userNo\":\"t000009\"}&remark=&','127.0.0.1','2017-03-21 15:02:05'),(848,'admin','admin','[类名]:com.gray.gray.controller.WhiteListController,[方法]:editPage,[参数]:id=6&_=1490075463195&','127.0.0.1','2017-03-21 15:03:50'),(849,'admin','admin','[类名]:com.gray.gray.controller.WhiteListController,[方法]:edit,[参数]:id=6&groupId=1&status=1&param={\"userNo\":\"t000009\"}&remark={\"userNo\":\"t000009\"}&','127.0.0.1','2017-03-21 15:03:54'),(850,'admin','admin','[类名]:com.gray.gray.controller.WhiteListController,[方法]:editPage,[参数]:id=6&_=1490075463196&','127.0.0.1','2017-03-21 15:04:58'),(851,'admin','admin','[类名]:com.gray.gray.controller.WhiteListController,[方法]:edit,[参数]:id=6&groupId=1&status=1&param={\"userNo\":\"t000009\"}&remark={\"userNo\":\"t000009\"}&','127.0.0.1','2017-03-21 15:05:01'),(852,'admin','admin','[类名]:com.gray.gray.controller.WhiteListController,[方法]:editPage,[参数]:id=6&_=1490075463197&','127.0.0.1','2017-03-21 15:06:22'),(853,'admin','admin','[类名]:com.gray.gray.controller.WhiteListController,[方法]:edit,[参数]:id=6&groupId=1&status=1&param={\"userNo\":\"t000009\"}&remark={\"userNo\":\"t000009\"}&','127.0.0.1','2017-03-21 15:06:26'),(854,'admin','admin','[类名]:com.gray.gray.controller.WhiteListController,[方法]:editPage,[参数]:id=1&_=1490075463198&','127.0.0.1','2017-03-21 15:08:50'),(855,'admin','admin','[类名]:com.gray.gray.controller.WhiteListController,[方法]:editPage,[参数]:id=6&_=1490075463199&','127.0.0.1','2017-03-21 15:08:53'),(856,'admin','admin','[类名]:com.gray.gray.controller.StrategyManagerController,[方法]:editPage,[参数]:id=1&_=1490075463201&','127.0.0.1','2017-03-21 15:11:37'),(857,'admin','admin','[类名]:com.gray.gray.controller.StrategyManagerController,[方法]:editPage,[参数]:id=2&_=1490075463202&','127.0.0.1','2017-03-21 15:11:54'),(858,'admin','admin','[类名]:com.gray.sys.controller.ResourceController,[方法]:addPage,[参数]:',NULL,'2017-03-21 15:22:34'),(859,'admin','admin','[类名]:com.gray.gray.controller.WhiteListController,[方法]:editPage,[参数]:id=6&_=1490075463221&','127.0.0.1','2017-03-21 15:32:46'),(860,'admin','admin','[类名]:com.gray.gray.controller.WhiteListController,[方法]:editPage,[参数]:id=6&_=1490075463222&','127.0.0.1','2017-03-21 15:33:57'),(861,'admin','admin','[类名]:com.gray.gray.controller.WhiteListController,[方法]:edit,[参数]:id=6&groupId=1&status=1&param={\"userNo\":\"t000009\"}&remark={\"userNo\":\"t000009\"}&','127.0.0.1','2017-03-21 15:34:02'),(862,'admin','admin','[类名]:com.gray.gray.controller.WhiteListController,[方法]:editPage,[参数]:id=6&_=1490075463223&','127.0.0.1','2017-03-21 15:37:35'),(863,'admin','admin','[类名]:com.gray.gray.controller.WhiteListController,[方法]:edit,[参数]:id=6&groupId=1&status=1&param={\"userNo\":\"t000009\"}&remark={\"userNo\":\"t000009\"}&','127.0.0.1','2017-03-21 15:37:43'),(864,'admin','admin','[类名]:com.gray.gray.controller.WhiteListController,[方法]:editPage,[参数]:id=6&_=1490075463224&','127.0.0.1','2017-03-21 15:38:46'),(865,'admin','admin','[类名]:com.gray.gray.controller.WhiteListController,[方法]:edit,[参数]:id=6&groupId=1&status=1&param={\"userNo\":\"t000009\"}&remark={\"userNo\":\"t000009\"}&','127.0.0.1','2017-03-21 15:38:49'),(866,'admin','admin','[类名]:com.gray.gray.controller.WhiteListController,[方法]:editPage,[参数]:id=4&_=1490075463225&','127.0.0.1','2017-03-21 15:39:00'),(867,'admin','admin','[类名]:com.gray.gray.controller.WhiteListController,[方法]:edit,[参数]:id=4&groupId=2&status=1&param={\"userNo\":\"t000003\",\"phone\":\"13488889999\"}&remark=就这么定了&','127.0.0.1','2017-03-21 15:39:01'),(868,'admin','admin','[类名]:com.gray.sys.controller.ResourceController,[方法]:editPage,[参数]:id=260&_=1490083351182&','127.0.0.1','2017-03-21 17:13:49'),(869,'admin','admin','[类名]:com.gray.sys.controller.ResourceController,[方法]:addPage,[参数]:',NULL,'2017-03-21 17:14:07'),(870,'admin','admin','[类名]:com.gray.sys.controller.ResourceController,[方法]:add,[参数]:name=服务级灰度&resourceType=1&url=/systemGray/serviceGray&openMode=ajax&icon=&seq=0&status=0&opened=1&pid=260&','127.0.0.1','2017-03-21 17:14:36'),(871,'admin','admin','[类名]:com.gray.sys.controller.ResourceController,[方法]:editPage,[参数]:id=266&_=1490083351186&','127.0.0.1','2017-03-21 17:15:44'),(872,'admin','admin','[类名]:com.gray.sys.controller.ResourceController,[方法]:edit,[参数]:id=266&name=服务级灰度&resourceType=1&url=/systemGray/serviceGray&openMode=ajax&icon=fi-social-facebook&seq=0&status=0&opened=1&pid=260&','127.0.0.1','2017-03-21 17:15:47'),(873,'admin','admin','[类名]:com.gray.sys.controller.RoleController,[方法]:grantPage,[参数]:id=1&_=1490083351187&','127.0.0.1','2017-03-21 17:15:52'),(874,'admin','admin','[类名]:com.gray.sys.controller.RoleController,[方法]:grant,[参数]:id=1&resourceIds=230,260,261,262,263,264,265,266,231,233,234,235,236,232,238,239,240,241,244,259,245,246,247,248,251,252,253,254,255,221,227,228,229,1,11,111,112,113,114,12,121,122,123,124,125,13,131,132,133,134,14,141,142,143,144,226&','127.0.0.1','2017-03-21 17:15:55'),(875,'admin','admin','[类名]:com.gray.sys.controller.OrganizationController,[方法]:addPage,[参数]:',NULL,'2017-03-21 17:31:58'),(876,'admin','admin','[类名]:com.gray.sys.controller.UserController,[方法]:addPage,[参数]:',NULL,'2017-03-21 18:25:40'),(877,'admin','admin','[类名]:com.gray.sys.controller.UserController,[方法]:addPage,[参数]:',NULL,'2017-03-21 18:26:24'),(878,'admin','admin','[类名]:com.gray.gray.controller.SystemManagerController,[方法]:addPage,[参数]:',NULL,'2017-03-21 18:26:32'),(879,'admin','admin','[类名]:com.gray.gray.controller.SystemManagerController,[方法]:addPage,[参数]:',NULL,'2017-03-21 18:27:35'),(880,'admin','admin','[类名]:com.gray.gray.controller.SystemManagerController,[方法]:addPage,[参数]:',NULL,'2017-03-21 18:28:08'),(881,'admin','admin','[类名]:com.gray.gray.controller.SystemManagerController,[方法]:addPage,[参数]:',NULL,'2017-03-21 18:28:37'),(882,'admin','admin','[类名]:com.gray.gray.controller.SystemManagerController,[方法]:addPage,[参数]:',NULL,'2017-03-21 18:39:38'),(883,'admin','admin','[类名]:com.gray.gray.controller.SystemManagerController,[方法]:editPage,[参数]:id=2&_=1490092719633&','127.0.0.1','2017-03-21 18:40:26'),(884,'admin','admin','[类名]:com.gray.gray.controller.SystemManagerController,[方法]:editPage,[参数]:id=2&_=1490092719634&','127.0.0.1','2017-03-21 18:41:30'),(885,'admin','admin','[类名]:com.gray.gray.controller.SystemManagerController,[方法]:addPage,[参数]:',NULL,'2017-03-21 18:41:55'),(886,'admin','admin','[类名]:com.gray.gray.controller.SystemManagerController,[方法]:editPage,[参数]:id=2&_=1490092719636&','127.0.0.1','2017-03-21 18:42:11'),(887,'admin','admin','[类名]:com.gray.gray.controller.SystemManagerController,[方法]:addPage,[参数]:',NULL,'2017-03-21 18:42:14'),(888,'admin','admin','[类名]:com.gray.gray.controller.SystemManagerController,[方法]:editPage,[参数]:id=3&_=1490092719638&','127.0.0.1','2017-03-21 18:44:01'),(889,'admin','admin','[类名]:com.gray.gray.controller.SystemManagerController,[方法]:editPage,[参数]:id=3&_=1490092719639&','127.0.0.1','2017-03-21 18:44:20'),(890,'admin','admin','[类名]:com.gray.gray.controller.SystemManagerController,[方法]:addPage,[参数]:',NULL,'2017-03-21 18:44:30'),(891,'admin','admin','[类名]:com.gray.gray.controller.SystemManagerController,[方法]:add,[参数]:name=111&systemId=1111&grayIp=111&deployIp=1111&upstream=111&param=11111&organizationId=5&strategy_nginx=1&strategy_dubbo=2&nginxs=&remark=&status=0&','127.0.0.1','2017-03-21 18:44:56'),(892,'admin','admin','[类名]:com.gray.gray.controller.SystemManagerController,[方法]:addPage,[参数]:',NULL,'2017-03-21 18:45:25'),(893,'admin','admin','[类名]:com.gray.sys.controller.ResourceController,[方法]:addPage,[参数]:',NULL,'2017-03-21 18:49:54'),(894,'admin','admin','[类名]:com.gray.sys.controller.ResourceController,[方法]:add,[参数]:name=服务&resourceType=1&url=/systemService/manager&openMode=ajax&icon=fi-volume&seq=0&status=0&opened=1&pid=244&','127.0.0.1','2017-03-21 18:50:30'),(895,'admin','admin','[类名]:com.gray.sys.controller.RoleController,[方法]:grantPage,[参数]:id=1&_=1490092719648&','127.0.0.1','2017-03-21 18:50:54'),(896,'admin','admin','[类名]:com.gray.sys.controller.RoleController,[方法]:grant,[参数]:id=1&resourceIds=230,260,261,262,263,264,265,266,231,233,234,235,236,232,238,239,240,241,244,259,267,245,246,247,248,251,252,253,254,255,221,227,228,229,1,11,111,112,113,114,12,121,122,123,124,125,13,131,132,133,134,14,141,142,143,144,226&','127.0.0.1','2017-03-21 18:50:56'),(897,'admin','admin','[类名]:com.gray.sys.controller.LoginController,[方法]:logout,[参数]:',NULL,'2017-03-21 18:51:15'),(898,'admin','admin','[类名]:com.gray.sys.controller.ResourceController,[方法]:addPage,[参数]:',NULL,'2017-03-21 19:01:26'),(899,'admin','admin','[类名]:com.gray.sys.controller.ResourceController,[方法]:add,[参数]:name=服务添加&resourceType=1&url=/systemService/add&openMode=ajax&icon=fi-page-add&seq=0&status=0&opened=1&pid=244&','127.0.0.1','2017-03-21 19:02:25'),(900,'admin','admin','[类名]:com.gray.sys.controller.ResourceController,[方法]:addPage,[参数]:',NULL,'2017-03-21 19:02:38'),(901,'admin','admin','[类名]:com.gray.sys.controller.ResourceController,[方法]:add,[参数]:name=服务编辑&resourceType=1&url=/systemService/edit&openMode=ajax&icon=fi-page-edit&seq=0&status=0&opened=1&pid=244&','127.0.0.1','2017-03-21 19:03:09'),(902,'admin','admin','[类名]:com.gray.sys.controller.ResourceController,[方法]:addPage,[参数]:',NULL,'2017-03-21 19:03:11'),(903,'admin','admin','[类名]:com.gray.sys.controller.ResourceController,[方法]:add,[参数]:name=服务删除&resourceType=1&url=/systemService/delete&openMode=ajax&icon=fi-page-delete&seq=0&status=0&opened=1&pid=244&','127.0.0.1','2017-03-21 19:03:44'),(904,'admin','admin','[类名]:com.gray.sys.controller.RoleController,[方法]:grantPage,[参数]:id=1&_=1490093480571&','127.0.0.1','2017-03-21 19:03:49'),(905,'admin','admin','[类名]:com.gray.sys.controller.RoleController,[方法]:grant,[参数]:id=1&resourceIds=230,260,261,262,263,264,265,266,231,233,234,235,236,232,238,239,240,241,244,259,267,268,269,270,245,246,247,248,251,252,253,254,255,221,227,228,229,1,11,111,112,113,114,12,121,122,123,124,125,13,131,132,133,134,14,141,142,143,144,226&','127.0.0.1','2017-03-21 19:03:51'),(906,'admin','admin','[类名]:com.gray.sys.controller.LoginController,[方法]:logout,[参数]:',NULL,'2017-03-21 19:03:55'),(907,'admin','admin','[类名]:com.gray.sys.controller.ResourceController,[方法]:addPage,[参数]:',NULL,'2017-03-21 19:05:37'),(908,'admin','admin','[类名]:com.gray.sys.controller.ResourceController,[方法]:add,[参数]:name=服务白名单&resourceType=1&url=/systemService/whitelistPage&openMode=ajax&icon=&seq=0&status=0&opened=1&pid=244&','127.0.0.1','2017-03-21 19:05:56'),(909,'admin','admin','[类名]:com.gray.sys.controller.ResourceController,[方法]:editPage,[参数]:id=271&_=1490094242299&','127.0.0.1','2017-03-21 19:06:11'),(910,'admin','admin','[类名]:com.gray.sys.controller.ResourceController,[方法]:edit,[参数]:id=271&name=服务白名单&resourceType=1&url=/systemService/whitelistPage&openMode=ajax&icon=fi-torsos&seq=0&status=0&opened=1&pid=244&','127.0.0.1','2017-03-21 19:06:14'),(911,'admin','admin','[类名]:com.gray.sys.controller.RoleController,[方法]:grantPage,[参数]:id=1&_=1490094242301&','127.0.0.1','2017-03-21 19:06:20'),(912,'admin','admin','[类名]:com.gray.sys.controller.RoleController,[方法]:grant,[参数]:id=1&resourceIds=230,260,261,262,263,264,265,266,231,233,234,235,236,232,238,239,240,241,244,259,267,268,269,270,271,245,246,247,248,251,252,253,254,255,221,227,228,229,1,11,111,112,113,114,12,121,122,123,124,125,13,131,132,133,134,14,141,142,143,144,226&','127.0.0.1','2017-03-21 19:06:24'),(913,'admin','admin','[类名]:com.gray.sys.controller.LoginController,[方法]:logout,[参数]:',NULL,'2017-03-21 19:06:32'),(914,'admin','admin','[类名]:com.gray.sys.controller.ResourceController,[方法]:editPage,[参数]:id=267&_=1490146578789&','127.0.0.1','2017-03-22 10:26:35'),(915,'admin','admin','[类名]:com.gray.sys.controller.ResourceController,[方法]:edit,[参数]:id=267&name=系统服务&resourceType=0&url=/systemService/manager&openMode=ajax&icon=fi-volume&seq=0&status=0&opened=1&pid=230&','127.0.0.1','2017-03-22 10:26:58'),(916,'admin','admin','[类名]:com.gray.sys.controller.ResourceController,[方法]:editPage,[参数]:id=268&_=1490146578790&','127.0.0.1','2017-03-22 10:27:08'),(917,'admin','admin','[类名]:com.gray.sys.controller.ResourceController,[方法]:edit,[参数]:id=268&name=服务添加&resourceType=1&url=/systemService/add&openMode=ajax&icon=fi-page-add&seq=0&status=0&opened=1&pid=267&','127.0.0.1','2017-03-22 10:27:19'),(918,'admin','admin','[类名]:com.gray.sys.controller.ResourceController,[方法]:editPage,[参数]:id=269&_=1490146578791&','127.0.0.1','2017-03-22 10:27:25'),(919,'admin','admin','[类名]:com.gray.sys.controller.ResourceController,[方法]:edit,[参数]:id=269&name=服务编辑&resourceType=1&url=/systemService/edit&openMode=ajax&icon=fi-page-edit&seq=0&status=0&opened=1&pid=267&','127.0.0.1','2017-03-22 10:27:33'),(920,'admin','admin','[类名]:com.gray.sys.controller.ResourceController,[方法]:editPage,[参数]:id=271&_=1490146578792&','127.0.0.1','2017-03-22 10:27:37'),(921,'admin','admin','[类名]:com.gray.sys.controller.ResourceController,[方法]:edit,[参数]:id=271&name=服务白名单&resourceType=1&url=/systemService/whitelistPage&openMode=ajax&icon=fi-torsos&seq=0&status=0&opened=1&pid=267&','127.0.0.1','2017-03-22 10:27:42'),(922,'admin','admin','[类名]:com.gray.sys.controller.ResourceController,[方法]:editPage,[参数]:id=270&_=1490146578793&','127.0.0.1','2017-03-22 10:27:47'),(923,'admin','admin','[类名]:com.gray.sys.controller.ResourceController,[方法]:edit,[参数]:id=270&name=服务删除&resourceType=1&url=/systemService/delete&openMode=ajax&icon=fi-page-delete&seq=0&status=0&opened=1&pid=267&','127.0.0.1','2017-03-22 10:27:55'),(924,'admin','admin','[类名]:com.gray.gray.controller.SystemServiceController,[方法]:addPage,[参数]:',NULL,'2017-03-22 10:27:59'),(925,'admin','admin','[类名]:com.gray.gray.controller.SystemServiceController,[方法]:addPage,[参数]:',NULL,'2017-03-22 10:29:19'),(926,'admin','admin','[类名]:com.gray.gray.controller.SystemServiceController,[方法]:editPage,[参数]:id=1&_=1490150334552&','127.0.0.1','2017-03-22 10:43:39'),(927,'admin','admin','[类名]:com.gray.gray.controller.SystemServiceController,[方法]:addPage,[参数]:',NULL,'2017-03-22 10:43:43'),(928,'admin','admin','[类名]:com.gray.gray.controller.SystemServiceController,[方法]:addPage,[参数]:systemId=2&_=1490153191874&','127.0.0.1','2017-03-22 11:36:15'),(929,'admin','admin','[类名]:com.gray.gray.controller.SystemServiceController,[方法]:addPage,[参数]:systemId=2&_=1490153191875&','127.0.0.1','2017-03-22 11:36:20'),(930,'admin','admin','[类名]:com.gray.gray.controller.SystemServiceController,[方法]:addPage,[参数]:systemId=2&_=1490153191877&','127.0.0.1','2017-03-22 11:37:36'),(931,'admin','admin','[类名]:com.gray.gray.controller.SystemServiceController,[方法]:addPage,[参数]:systemId=1&_=1490154032741&','127.0.0.1','2017-03-22 11:40:45'),(932,'admin','admin','[类名]:com.gray.gray.controller.SystemServiceController,[方法]:addPage,[参数]:systemId=2&_=1490154113816&','127.0.0.1','2017-03-22 11:42:04'),(933,'admin','admin','[类名]:com.gray.gray.controller.SystemServiceController,[方法]:addPage,[参数]:systemId=2&_=1490154113817&','127.0.0.1','2017-03-22 12:51:20'),(934,'admin','admin','[类名]:com.gray.gray.controller.SystemServiceController,[方法]:addPage,[参数]:systemId=2&_=1490154113818&','127.0.0.1','2017-03-22 12:51:24'),(935,'admin','admin','[类名]:com.gray.gray.controller.SystemServiceController,[方法]:addPage,[参数]:systemId=2&_=1490154113819&','127.0.0.1','2017-03-22 12:53:06'),(936,'admin','admin','[类名]:com.gray.gray.controller.SystemServiceController,[方法]:addPage,[参数]:systemId=2&_=1490158786778&','127.0.0.1','2017-03-22 13:00:26'),(937,'admin','admin','[类名]:com.gray.gray.controller.SystemServiceController,[方法]:addPage,[参数]:systemId=1&_=1490158949048&','127.0.0.1','2017-03-22 13:02:38'),(938,'admin','admin','[类名]:com.gray.gray.controller.SystemServiceController,[方法]:addPage,[参数]:systemId=1&_=1490158949049&','127.0.0.1','2017-03-22 13:03:40'),(939,'admin','admin','[类名]:com.gray.gray.controller.SystemServiceController,[方法]:addPage,[参数]:systemId=1&_=1490158949050&','127.0.0.1','2017-03-22 13:04:08'),(940,'admin','admin','[类名]:com.gray.gray.controller.SystemServiceController,[方法]:addPage,[参数]:systemId=1&_=1490159134623&','127.0.0.1','2017-03-22 13:05:46'),(941,'admin','admin','[类名]:com.gray.gray.controller.SystemServiceController,[方法]:addPage,[参数]:systemId=1&_=1490159134624&','127.0.0.1','2017-03-22 13:06:28'),(942,'admin','admin','[类名]:com.gray.gray.controller.SystemServiceController,[方法]:addPage,[参数]:systemId=1&_=1490159134625&','127.0.0.1','2017-03-22 13:08:02'),(943,'admin','admin','[类名]:com.gray.gray.controller.SystemServiceController,[方法]:addPage,[参数]:systemId=1&_=1490159134626&','127.0.0.1','2017-03-22 13:09:03'),(944,'admin','admin','[类名]:com.gray.gray.controller.SystemServiceController,[方法]:addPage,[参数]:systemId=1&_=1490159134627&','127.0.0.1','2017-03-22 13:09:17'),(945,'admin','admin','[类名]:com.gray.gray.controller.SystemServiceController,[方法]:addPage,[参数]:systemId=1&_=1490159134628&','127.0.0.1','2017-03-22 13:09:37'),(946,'admin','admin','[类名]:com.gray.gray.controller.SystemServiceController,[方法]:addPage,[参数]:systemId=1&_=1490159134629&','127.0.0.1','2017-03-22 13:27:47'),(947,'admin','admin','[类名]:com.gray.gray.controller.SystemServiceController,[方法]:addPage,[参数]:systemId=1&_=1490159134630&','127.0.0.1','2017-03-22 13:28:26'),(948,'admin','admin','[类名]:com.gray.gray.controller.SystemServiceController,[方法]:addPage,[参数]:systemId=1&_=1490159134631&','127.0.0.1','2017-03-22 13:28:49'),(949,'admin','admin','[类名]:com.gray.gray.controller.SystemServiceController,[方法]:addPage,[参数]:systemId=1&_=1490160780096&','127.0.0.1','2017-03-22 13:33:08'),(950,'admin','admin','[类名]:com.gray.gray.controller.SystemServiceController,[方法]:addPage,[参数]:systemId=1&_=1490160780098&','127.0.0.1','2017-03-22 13:34:32'),(951,'admin','admin','[类名]:com.gray.gray.controller.SystemServiceController,[方法]:addPage,[参数]:systemId=1&_=1490160938127&','127.0.0.1','2017-03-22 13:35:46'),(952,'admin','admin','[类名]:com.gray.gray.controller.SystemServiceController,[方法]:addPage,[参数]:systemId=1&_=1490160938128&','127.0.0.1','2017-03-22 13:36:29'),(953,'admin','admin','[类名]:com.gray.gray.controller.SystemServiceController,[方法]:addPage,[参数]:systemId=1&_=1490160938130&','127.0.0.1','2017-03-22 13:37:25'),(954,'admin','admin','[类名]:com.gray.gray.controller.SystemServiceController,[方法]:addPage,[参数]:systemId=1&_=1490160938131&','127.0.0.1','2017-03-22 13:37:29'),(955,'admin','admin','[类名]:com.gray.gray.controller.SystemServiceController,[方法]:editPage,[参数]:id=1&_=1490160938132&','127.0.0.1','2017-03-22 13:39:20'),(956,'admin','admin','[类名]:com.gray.gray.controller.SystemServiceController,[方法]:addPage,[参数]:systemId=1&_=1490161872300&','127.0.0.1','2017-03-22 13:54:39'),(957,'admin','admin','[类名]:com.gray.gray.controller.SystemServiceController,[方法]:editPage,[参数]:id=1&_=1490161872301&','127.0.0.1','2017-03-22 13:54:53'),(958,'admin','admin','[类名]:com.gray.gray.controller.SystemServiceController,[方法]:editPage,[参数]:id=1&_=1490162198842&','127.0.0.1','2017-03-22 13:56:46'),(959,'admin','admin','[类名]:com.gray.gray.controller.SystemServiceController,[方法]:editPage,[参数]:id=1&_=1490162198843&','127.0.0.1','2017-03-22 13:57:47'),(960,'admin','admin','[类名]:com.gray.gray.controller.SystemServiceController,[方法]:editPage,[参数]:id=1&_=1490162198844&','127.0.0.1','2017-03-22 13:58:18'),(961,'admin','admin','[类名]:com.gray.gray.controller.SystemServiceController,[方法]:editPage,[参数]:id=1&_=1490162198846&','127.0.0.1','2017-03-22 13:58:22'),(962,'admin','admin','[类名]:com.gray.gray.controller.SystemServiceController,[方法]:addPage,[参数]:systemId=1&_=1490162198847&','127.0.0.1','2017-03-22 13:58:30'),(963,'admin','admin','[类名]:com.gray.gray.controller.SystemServiceController,[方法]:editPage,[参数]:id=1&_=1490162198848&','127.0.0.1','2017-03-22 13:58:38'),(964,'admin','admin','[类名]:com.gray.gray.controller.SystemServiceController,[方法]:editPage,[参数]:id=1&_=1490162382990&','127.0.0.1','2017-03-22 13:59:51'),(965,'admin','admin','[类名]:com.gray.gray.controller.SystemServiceController,[方法]:edit,[参数]:name=/userNo.html&type=nginx&version=1.0&param=userNo&strategy_nginx=1&remark=111&id=1&','127.0.0.1','2017-03-22 13:59:54'),(966,'admin','admin','[类名]:com.gray.gray.controller.SystemServiceController,[方法]:edit,[参数]:name=/userNo.html&type=nginx&version=1.0&param=userNo&strategy_nginx=1&remark=111&id=1&','127.0.0.1','2017-03-22 14:05:17'),(967,'admin','admin','[类名]:com.gray.gray.controller.SystemServiceController,[方法]:editPage,[参数]:id=1&_=1490162785999&','127.0.0.1','2017-03-22 14:06:36'),(968,'admin','admin','[类名]:com.gray.gray.controller.SystemServiceController,[方法]:edit,[参数]:name=/userNo.html&type=nginx&version=1.0&param=userNo&strategy_nginx=1&remark=11&id=1&oldname=/userNo.html&','127.0.0.1','2017-03-22 14:06:41'),(969,'admin','admin','[类名]:com.gray.gray.controller.SystemServiceController,[方法]:addPage,[参数]:systemId=1&_=1490162786000&','127.0.0.1','2017-03-22 14:08:41'),(970,'admin','admin','[类名]:com.gray.gray.controller.SystemServiceController,[方法]:addPage,[参数]:systemId=1&_=1490163360973&','127.0.0.1','2017-03-22 14:16:10'),(971,'admin','admin','[类名]:com.gray.gray.controller.SystemServiceController,[方法]:addPage,[参数]:systemId=1&_=1490163408468&','127.0.0.1','2017-03-22 14:17:04'),(972,'admin','admin','[类名]:com.gray.gray.controller.SystemServiceController,[方法]:add,[参数]:name=1&type=nginx&version=1&param=1&strategy_nginx=1&remark=去去去&status=0&systemId=1&','127.0.0.1','2017-03-22 14:17:16'),(973,'admin','admin','[类名]:com.gray.gray.controller.SystemServiceController,[方法]:editPage,[参数]:id=2&_=1490163408469&','127.0.0.1','2017-03-22 14:17:20'),(974,'admin','admin','[类名]:com.gray.gray.controller.SystemServiceController,[方法]:editPage,[参数]:id=2&_=1490163408474&','127.0.0.1','2017-03-22 14:18:41'),(975,'admin','admin','[类名]:com.gray.gray.controller.SystemServiceController,[方法]:edit,[参数]:name=/user_pwd.html&type=nginx&version=1.1&param=userName&strategy_nginx=2&remark=应该是可以了&id=2&oldname=1&','127.0.0.1','2017-03-22 14:19:28'),(976,'admin','admin','[类名]:com.gray.gray.controller.SystemServiceController,[方法]:editPage,[参数]:id=2&_=1490163408475&','127.0.0.1','2017-03-22 14:19:32'),(977,'admin','admin','[类名]:com.gray.gray.controller.SystemServiceController,[方法]:edit,[参数]:name=/user_pwd.html&type=nginx&version=1.1&param=userName&strategy_nginx=2&remark=应该是可以了&id=2&oldname=/user_pwd.html&','127.0.0.1','2017-03-22 14:19:38'),(978,'admin','admin','[类名]:com.gray.gray.controller.SystemServiceController,[方法]:editPage,[参数]:id=2&_=1490163408476&','127.0.0.1','2017-03-22 14:19:40'),(979,'admin','admin','[类名]:com.gray.sys.controller.ResourceController,[方法]:editPage,[参数]:id=260&_=1490163783262&','127.0.0.1','2017-03-22 14:24:58'),(980,'admin','admin','[类名]:com.gray.sys.controller.ResourceController,[方法]:edit,[参数]:id=260&name=系统灰度&resourceType=0&url=/systemGray/manager&openMode=&icon=fi-rss&seq=0&status=0&opened=1&pid=230&','127.0.0.1','2017-03-22 14:25:06'),(981,'admin','admin','[类名]:com.gray.sys.controller.ResourceController,[方法]:delete,[参数]:id=266&','127.0.0.1','2017-03-22 14:42:24'),(982,'admin','admin','[类名]:com.gray.sys.controller.RoleController,[方法]:grantPage,[参数]:id=1&_=1490163783270&','127.0.0.1','2017-03-22 14:54:10'),(983,'admin','admin','[类名]:com.gray.sys.controller.RoleController,[方法]:grant,[参数]:id=1&resourceIds=260,261,262,263,264,265,230,267,268,269,270,271,272,273,274,275,276,277,231,233,234,235,236,232,238,239,240,241,244,259,245,246,247,248,251,252,253,254,255,221,227,228,229,1,11,111,112,113,114,12,121,122,123,124,125,13,131,132,133,134,14,141,142,143,144,226&','127.0.0.1','2017-03-22 14:54:24'),(984,'admin','admin','[类名]:com.gray.sys.controller.LoginController,[方法]:logout,[参数]:',NULL,'2017-03-22 14:54:28'),(985,'admin','admin','[类名]:com.gray.sys.controller.ResourceController,[方法]:editPage,[参数]:id=260&_=1490165673416&','127.0.0.1','2017-03-22 14:55:06'),(986,'admin','admin','[类名]:com.gray.sys.controller.ResourceController,[方法]:edit,[参数]:id=260&name=系统灰度&resourceType=0&url=/systemGray/manager&openMode=&icon=fi-rss&seq=0&status=0&opened=1&pid=230&','127.0.0.1','2017-03-22 14:55:12'),(987,'admin','admin','[类名]:com.gray.sys.controller.ResourceController,[方法]:editPage,[参数]:id=272&_=1490165673417&','127.0.0.1','2017-03-22 14:55:31'),(988,'admin','admin','[类名]:com.gray.sys.controller.ResourceController,[方法]:edit,[参数]:id=272&name=服务灰度&resourceType=0&url=/serviceGray/manager&openMode=&icon=fi-rss&seq=0&status=0&opened=1&pid=230&','127.0.0.1','2017-03-22 14:55:38'),(989,'admin','admin','[类名]:com.gray.sys.controller.LoginController,[方法]:logout,[参数]:',NULL,'2017-03-22 15:04:12'),(990,'admin','admin','[类名]:com.gray.sys.controller.ResourceController,[方法]:editPage,[参数]:id=272&_=1490166260004&','127.0.0.1','2017-03-22 15:05:37'),(991,'admin','admin','[类名]:com.gray.sys.controller.ResourceController,[方法]:edit,[参数]:id=272&name=服务灰度&resourceType=0&url=/serviceGray/manager&openMode=&icon=fi-bluetooth&seq=0&status=0&opened=1&pid=230&','127.0.0.1','2017-03-22 15:05:48'),(992,'admin','admin','[类名]:com.gray.sys.controller.OrganizationController,[方法]:addPage,[参数]:',NULL,'2017-03-22 15:11:47'),(993,'admin','admin','[类名]:com.gray.sys.controller.OrganizationController,[方法]:add,[参数]:code=06&name=支付平台&seq=0&icon=fi-folder&address=&pid=3&','127.0.0.1','2017-03-22 15:12:13'),(994,'admin','admin','[类名]:com.gray.sys.controller.OrganizationController,[方法]:addPage,[参数]:',NULL,'2017-03-22 15:12:18'),(995,'admin','admin','[类名]:com.gray.sys.controller.OrganizationController,[方法]:add,[参数]:code=07&name=支付应用&seq=0&icon=fi-folder&address=&pid=3&','127.0.0.1','2017-03-22 15:12:33'),(996,'admin','admin','[类名]:com.gray.gray.controller.SystemManagerController,[方法]:delete,[参数]:id=14&','127.0.0.1','2017-03-22 15:12:55'),(997,'admin','admin','[类名]:com.gray.gray.controller.SystemServiceController,[方法]:delete,[参数]:id=2&','127.0.0.1','2017-03-22 16:53:25'),(998,'admin','admin','[类名]:com.gray.gray.controller.WhiteListGroupController,[方法]:editPage,[参数]:id=2&_=1490235938809&','127.0.0.1','2017-03-23 10:26:03'),(999,'admin','admin','[类名]:com.gray.gray.controller.WhiteListGroupController,[方法]:addPage,[参数]:',NULL,'2017-03-23 10:26:07'),(1000,'admin','admin','[类名]:com.gray.gray.controller.WhiteListController,[方法]:addPage,[参数]:',NULL,'2017-03-23 10:26:29'),(1001,'admin','admin','[类名]:com.gray.gray.controller.WhiteListController,[方法]:editPage,[参数]:id=6&_=1490235938813&','127.0.0.1','2017-03-23 10:28:27'),(1002,'admin','admin','[类名]:com.gray.gray.controller.WhiteListController,[方法]:addPage,[参数]:',NULL,'2017-03-23 10:41:22'),(1003,'admin','admin','[类名]:com.gray.gray.controller.WhiteListController,[方法]:add,[参数]:groupId=1&status=1&param=11111&remark=&','127.0.0.1','2017-03-23 10:41:27'),(1004,'admin','admin','[类名]:com.gray.gray.controller.WhiteListController,[方法]:delete,[参数]:id=7&','127.0.0.1','2017-03-23 10:42:07'),(1005,'admin','admin','[类名]:com.gray.gray.controller.WhiteListController,[方法]:addPage,[参数]:',NULL,'2017-03-23 10:42:12'),(1006,'admin','admin','[类名]:com.gray.gray.controller.WhiteListController,[方法]:add,[参数]:groupId=1&status=1&param=111&remark=&','127.0.0.1','2017-03-23 10:42:19'),(1007,'admin','admin','[类名]:com.gray.gray.controller.WhiteListController,[方法]:delete,[参数]:id=8&','127.0.0.1','2017-03-23 10:58:45'),(1008,'admin','admin','[类名]:com.gray.gray.controller.WhiteListController,[方法]:addPage,[参数]:',NULL,'2017-03-23 10:58:55'),(1009,'admin','admin','[类名]:com.gray.gray.controller.WhiteListController,[方法]:add,[参数]:groupId=2&status=1&param=1111&remark=&','127.0.0.1','2017-03-23 10:59:04'),(1010,'admin','admin','[类名]:com.gray.gray.controller.WhiteListController,[方法]:addPage,[参数]:',NULL,'2017-03-23 10:59:39'),(1011,'admin','admin','[类名]:com.gray.gray.controller.WhiteListController,[方法]:add,[参数]:groupId=1&status=1&param=1111&remark=&','127.0.0.1','2017-03-23 10:59:46'),(1012,'admin','admin','[类名]:com.gray.gray.controller.WhiteListController,[方法]:addPage,[参数]:',NULL,'2017-03-23 11:02:14'),(1013,'admin','admin','[类名]:com.gray.gray.controller.WhiteListController,[方法]:add,[参数]:groupId=1&status=1&param=2222&remark=&','127.0.0.1','2017-03-23 11:02:19'),(1014,'admin','admin','[类名]:com.gray.gray.controller.WhiteListController,[方法]:addPage,[参数]:',NULL,'2017-03-23 11:06:09'),(1015,'admin','admin','[类名]:com.gray.gray.controller.WhiteListGroupController,[方法]:addPage,[参数]:',NULL,'2017-03-23 11:08:03'),(1016,'admin','admin','[类名]:com.gray.gray.controller.WhiteListGroupController,[方法]:add,[参数]:name=111&status=1&remark=1111&','127.0.0.1','2017-03-23 11:08:08'),(1017,'admin','admin','[类名]:com.gray.gray.controller.WhiteListGroupController,[方法]:delete,[参数]:id=124&','127.0.0.1','2017-03-23 11:08:13'),(1018,'admin','admin','[类名]:com.gray.gray.controller.WhiteListGroupController,[方法]:editPage,[参数]:id=124&_=1490238416287&','127.0.0.1','2017-03-23 11:09:18'),(1019,'admin','admin','[类名]:com.gray.gray.controller.WhiteListController,[方法]:addPage,[参数]:',NULL,'2017-03-23 11:32:52'),(1020,'admin','admin','[类名]:com.gray.gray.controller.WhiteListController,[方法]:add,[参数]:groupId=2&status=1&param=1111&remark=1111&','127.0.0.1','2017-03-23 11:32:58'),(1021,'admin','admin','[类名]:com.gray.gray.controller.WhiteListController,[方法]:add,[参数]:groupId=2&status=1&param={\"1\":11}&remark=1111&','127.0.0.1','2017-03-23 11:33:14'),(1022,'admin','admin','[类名]:com.gray.gray.controller.WhiteListController,[方法]:editPage,[参数]:id=9&_=1490238416290&','127.0.0.1','2017-03-23 11:33:17'),(1023,'admin','admin','[类名]:com.gray.gray.controller.WhiteListController,[方法]:edit,[参数]:id=9&groupId=2&status=-1&param={\"1\":11}&remark=1111&','127.0.0.1','2017-03-23 11:33:23'),(1024,'admin','admin','[类名]:com.gray.gray.controller.WhiteListController,[方法]:edit,[参数]:id=9&groupId=2&status=-1&param={\"1\":11}&remark=1111&','127.0.0.1','2017-03-23 11:33:30'),(1025,'admin','admin','[类名]:com.gray.gray.controller.WhiteListController,[方法]:delete,[参数]:id=9&','127.0.0.1','2017-03-23 11:33:42'),(1026,'admin','admin','[类名]:com.gray.gray.controller.WhiteListController,[方法]:delete,[参数]:id=2&','127.0.0.1','2017-03-23 11:34:08'),(1027,'admin','admin','[类名]:com.gray.gray.controller.WhiteListController,[方法]:editPage,[参数]:id=6&_=1490238416292&','127.0.0.1','2017-03-23 12:42:51'),(1028,'admin','admin','[类名]:com.gray.gray.controller.WhiteListController,[方法]:editPage,[参数]:id=2&_=1490238416293&','127.0.0.1','2017-03-23 12:42:54'),(1029,'admin','admin','[类名]:com.gray.gray.controller.WhiteListController,[方法]:edit,[参数]:id=2&groupId=1&status=1&param={\"userNo\":\"t000002\"}&remark=&','127.0.0.1','2017-03-23 12:42:58'),(1030,'admin','admin','[类名]:com.gray.gray.controller.WhiteListController,[方法]:editPage,[参数]:id=9&_=1490238416294&','127.0.0.1','2017-03-23 12:42:59'),(1031,'admin','admin','[类名]:com.gray.gray.controller.WhiteListController,[方法]:edit,[参数]:id=9&groupId=2&status=1&param={\"1\":11}&remark=1111&','127.0.0.1','2017-03-23 12:43:02'),(1032,'admin','admin','[类名]:com.gray.gray.controller.WhiteListController,[方法]:delete,[参数]:id=2&','127.0.0.1','2017-03-23 12:43:19'),(1033,'admin','admin','[类名]:com.gray.gray.controller.WhiteListController,[方法]:editPage,[参数]:id=2&_=1490238416295&','127.0.0.1','2017-03-23 12:45:42'),(1034,'admin','admin','[类名]:com.gray.gray.controller.WhiteListController,[方法]:edit,[参数]:id=2&groupId=1&status=1&param={\"userNo\":\"t000002\"}&remark=&','127.0.0.1','2017-03-23 12:45:47'),(1035,'admin','admin','[类名]:com.gray.gray.controller.WhiteListController,[方法]:delete,[参数]:id=2&','127.0.0.1','2017-03-23 12:45:56'),(1036,'admin','admin','[类名]:com.gray.gray.controller.WhiteListController,[方法]:editPage,[参数]:id=2&_=1490238416296&','127.0.0.1','2017-03-23 12:48:02'),(1037,'admin','admin','[类名]:com.gray.gray.controller.WhiteListController,[方法]:edit,[参数]:id=2&groupId=1&status=1&param={\"userNo\":\"t000002\"}&remark=&','127.0.0.1','2017-03-23 12:48:06'),(1038,'admin','admin','[类名]:com.gray.gray.controller.WhiteListController,[方法]:delete,[参数]:id=2&','127.0.0.1','2017-03-23 12:49:00'),(1039,'admin','admin','[类名]:com.gray.gray.controller.WhiteListController,[方法]:delete,[参数]:id=2&','127.0.0.1','2017-03-23 12:51:57'),(1040,'admin','admin','[类名]:com.gray.gray.controller.WhiteListController,[方法]:delete,[参数]:id=2&','127.0.0.1','2017-03-23 12:55:05'),(1041,'admin','admin','[类名]:com.gray.gray.controller.StrategyManagerController,[方法]:addPage,[参数]:',NULL,'2017-03-23 13:05:01'),(1042,'admin','admin','[类名]:com.gray.gray.controller.StrategyManagerController,[方法]:editPage,[参数]:id=2&_=1490238416306&','127.0.0.1','2017-03-23 13:05:23'),(1043,'admin','admin','[类名]:com.gray.gray.controller.StrategyManagerController,[方法]:editPage,[参数]:id=2&_=1490238416307&','127.0.0.1','2017-03-23 13:05:30'),(1044,'admin','admin','[类名]:com.gray.gray.controller.SystemManagerController,[方法]:editPage,[参数]:id=1&_=1490238416310&','127.0.0.1','2017-03-23 13:11:21'),(1045,'admin','admin','[类名]:com.gray.gray.controller.SystemManagerController,[方法]:edit,[参数]:name=p2p网关&systemId=paygent&grayIp=server 127.0.0.1:81;&deployIp=server 127.0.0.1:82;server 127.0.0.1:83;&upstream=paygent&param=userNo&organizationId=8&strategy_nginx=1&strategy_dubbo=1&nginxs=192.168.237.208:80&remark=&id=1&oldSystemId=paygent&','127.0.0.1','2017-03-23 13:11:32'),(1046,'admin','admin','[类名]:com.gray.gray.controller.SystemManagerController,[方法]:editPage,[参数]:id=1&_=1490238416311&','127.0.0.1','2017-03-23 13:11:39'),(1047,'admin','admin','[类名]:com.gray.gray.controller.SystemManagerController,[方法]:editPage,[参数]:id=1&_=1490238416314&','127.0.0.1','2017-03-23 13:20:37'),(1048,'admin','admin','[类名]:com.gray.gray.controller.SystemManagerController,[方法]:editPage,[参数]:id=1&_=1490238416315&','127.0.0.1','2017-03-23 13:21:11'),(1049,'admin','admin','[类名]:com.gray.gray.controller.SystemManagerController,[方法]:editPage,[参数]:id=3&_=1490238416316&','127.0.0.1','2017-03-23 14:05:53'),(1050,'admin','admin','[类名]:com.gray.gray.controller.SystemManagerController,[方法]:editPage,[参数]:id=3&_=1490238416317&','127.0.0.1','2017-03-23 14:06:50'),(1051,'admin','admin','[类名]:com.gray.gray.controller.SystemManagerController,[方法]:editPage,[参数]:id=2&_=1490238416318&','127.0.0.1','2017-03-23 14:10:41'),(1052,'admin','admin','[类名]:com.gray.gray.controller.SystemManagerController,[方法]:editPage,[参数]:id=2&_=1490238416319&','127.0.0.1','2017-03-23 14:11:55'),(1053,'admin','admin','[类名]:com.gray.gray.controller.SystemManagerController,[方法]:editPage,[参数]:id=3&_=1490238416320&','127.0.0.1','2017-03-23 14:13:13'),(1054,'admin','admin','[类名]:com.gray.gray.controller.SystemManagerController,[方法]:editPage,[参数]:id=2&_=1490238416321&','127.0.0.1','2017-03-23 14:13:18'),(1055,'admin','admin','[类名]:com.gray.gray.controller.SystemManagerController,[方法]:editPage,[参数]:id=2&_=1490238416322&','127.0.0.1','2017-03-23 14:13:23'),(1056,'admin','admin','[类名]:com.gray.gray.controller.SystemManagerController,[方法]:addPage,[参数]:',NULL,'2017-03-23 14:13:26'),(1057,'admin','admin','[类名]:com.gray.gray.controller.SystemManagerController,[方法]:addPage,[参数]:',NULL,'2017-03-23 14:13:55'),(1058,'admin','admin','[类名]:com.gray.gray.controller.SystemManagerController,[方法]:addPage,[参数]:',NULL,'2017-03-23 14:16:46'),(1059,'admin','admin','[类名]:com.gray.gray.controller.SystemManagerController,[方法]:addPage,[参数]:',NULL,'2017-03-23 14:17:32'),(1060,'admin','admin','[类名]:com.gray.gray.controller.SystemManagerController,[方法]:addPage,[参数]:',NULL,'2017-03-23 14:19:00'),(1061,'admin','admin','[类名]:com.gray.gray.controller.SystemManagerController,[方法]:addPage,[参数]:',NULL,'2017-03-23 14:30:18'),(1062,'admin','admin','[类名]:com.gray.gray.controller.SystemManagerController,[方法]:addPage,[参数]:',NULL,'2017-03-23 14:30:59'),(1063,'admin','admin','[类名]:com.gray.gray.controller.SystemManagerController,[方法]:addPage,[参数]:',NULL,'2017-03-23 14:34:30'),(1064,'admin','admin','[类名]:com.gray.gray.controller.SystemManagerController,[方法]:addPage,[参数]:',NULL,'2017-03-23 14:35:49'),(1065,'admin','admin','[类名]:com.gray.gray.controller.SystemManagerController,[方法]:addPage,[参数]:',NULL,'2017-03-23 14:37:17'),(1066,'admin','admin','[类名]:com.gray.gray.controller.SystemManagerController,[方法]:addPage,[参数]:',NULL,'2017-03-23 14:37:48'),(1067,'admin','admin','[类名]:com.gray.gray.controller.SystemManagerController,[方法]:addPage,[参数]:',NULL,'2017-03-23 14:38:38'),(1068,'admin','admin','[类名]:com.gray.gray.controller.SystemManagerController,[方法]:addPage,[参数]:',NULL,'2017-03-23 14:39:42'),(1069,'admin','admin','[类名]:com.gray.gray.controller.SystemManagerController,[方法]:addPage,[参数]:',NULL,'2017-03-23 14:41:21'),(1070,'admin','admin','[类名]:com.gray.gray.controller.SystemManagerController,[方法]:addPage,[参数]:',NULL,'2017-03-23 14:44:49'),(1071,'admin','admin','[类名]:com.gray.gray.controller.SystemManagerController,[方法]:addPage,[参数]:',NULL,'2017-03-23 15:58:21'),(1072,'admin','admin','[类名]:com.gray.gray.controller.SystemManagerController,[方法]:addPage,[参数]:',NULL,'2017-03-23 15:59:48'),(1073,'admin','admin','[类名]:com.gray.gray.controller.SystemManagerController,[方法]:addPage,[参数]:',NULL,'2017-03-23 16:40:50'),(1074,'admin','admin','[类名]:com.gray.gray.controller.SystemManagerController,[方法]:addPage,[参数]:',NULL,'2017-03-23 16:41:52'),(1075,'admin','admin','[类名]:com.gray.gray.controller.SystemManagerController,[方法]:editPage,[参数]:id=1&_=1490258502194&','127.0.0.1','2017-03-23 16:44:45'),(1076,'admin','admin','[类名]:com.gray.gray.controller.SystemManagerController,[方法]:addPage,[参数]:',NULL,'2017-03-23 16:45:25'),(1077,'admin','admin','[类名]:com.gray.gray.controller.SystemManagerController,[方法]:addPage,[参数]:',NULL,'2017-03-23 16:49:51'),(1078,'admin','admin','[类名]:com.gray.gray.controller.SystemManagerController,[方法]:add,[参数]:name=1&systemId=1&grayIp=1&deployIp=1&upstream=1&param=1&organizationId=7&strategy_nginx=1&nginxs=&remark=&status=0&','127.0.0.1','2017-03-23 16:50:29'),(1079,'admin','admin','[类名]:com.gray.gray.controller.SystemManagerController,[方法]:editPage,[参数]:id=16&_=1490258502198&','127.0.0.1','2017-03-23 16:57:48'),(1080,'admin','admin','[类名]:com.gray.gray.controller.SystemManagerController,[方法]:editPage,[参数]:id=16&_=1490258502199&','127.0.0.1','2017-03-23 17:00:48'),(1081,'admin','admin','[类名]:com.gray.gray.controller.SystemManagerController,[方法]:editPage,[参数]:id=16&_=1490258502200&','127.0.0.1','2017-03-23 17:01:06'),(1082,'admin','admin','[类名]:com.gray.gray.controller.SystemManagerController,[方法]:editPage,[参数]:id=16&_=1490258502201&','127.0.0.1','2017-03-23 17:01:27'),(1083,'admin','admin','[类名]:com.gray.gray.controller.SystemManagerController,[方法]:editPage,[参数]:id=16&_=1490258502202&','127.0.0.1','2017-03-23 17:02:30'),(1084,'admin','admin','[类名]:com.gray.gray.controller.SystemManagerController,[方法]:editPage,[参数]:id=16&_=1490258502203&','127.0.0.1','2017-03-23 17:02:49'),(1085,'admin','admin','[类名]:com.gray.gray.controller.SystemManagerController,[方法]:editPage,[参数]:id=16&_=1490258502204&','127.0.0.1','2017-03-23 17:03:53'),(1086,'admin','admin','[类名]:com.gray.gray.controller.SystemManagerController,[方法]:editPage,[参数]:id=16&_=1490258502205&','127.0.0.1','2017-03-23 17:05:19'),(1087,'admin','admin','[类名]:com.gray.gray.controller.SystemManagerController,[方法]:editPage,[参数]:id=16&_=1490258502206&','127.0.0.1','2017-03-23 17:06:53'),(1088,'admin','admin','[类名]:com.gray.gray.controller.SystemManagerController,[方法]:editPage,[参数]:id=16&_=1490258502207&','127.0.0.1','2017-03-23 17:07:37'),(1089,'admin','admin','[类名]:com.gray.gray.controller.SystemManagerController,[方法]:editPage,[参数]:id=16&_=1490258502208&','127.0.0.1','2017-03-23 17:09:20'),(1090,'admin','admin','[类名]:com.gray.gray.controller.SystemManagerController,[方法]:editPage,[参数]:id=16&_=1490258502209&','127.0.0.1','2017-03-23 17:10:16'),(1091,'admin','admin','[类名]:com.gray.gray.controller.SystemManagerController,[方法]:editPage,[参数]:id=16&_=1490258502210&','127.0.0.1','2017-03-23 17:10:49'),(1092,'admin','admin','[类名]:com.gray.gray.controller.SystemManagerController,[方法]:edit,[参数]:name=1&systemId=1&grayIp=1&deployIp=1&upstream=1&param=1&organizationId=7&active=nginx&strategy_nginx=1&nginxs=&remark=&id=16&oldSystemId=1&','127.0.0.1','2017-03-23 17:10:59'),(1093,'admin','admin','[类名]:com.gray.gray.controller.SystemManagerController,[方法]:editPage,[参数]:id=16&_=1490258502211&','127.0.0.1','2017-03-23 17:11:13'),(1094,'admin','admin','[类名]:com.gray.gray.controller.SystemManagerController,[方法]:editPage,[参数]:id=16&_=1490258502212&','127.0.0.1','2017-03-23 17:12:01'),(1095,'admin','admin','[类名]:com.gray.gray.controller.SystemManagerController,[方法]:editPage,[参数]:id=16&_=1490258502213&','127.0.0.1','2017-03-23 17:12:29'),(1096,'admin','admin','[类名]:com.gray.gray.controller.SystemManagerController,[方法]:editPage,[参数]:id=16&_=1490258502214&','127.0.0.1','2017-03-23 17:12:36'),(1097,'admin','admin','[类名]:com.gray.gray.controller.SystemServiceController,[方法]:addPage,[参数]:systemId=1&_=1490258502241&','127.0.0.1','2017-03-23 18:50:12'),(1098,'admin','admin','[类名]:com.gray.gray.controller.SystemManagerController,[方法]:editPage,[参数]:id=16&_=1490258502244&','127.0.0.1','2017-03-23 18:52:00'),(1099,'admin','admin','[类名]:com.gray.gray.controller.SystemManagerController,[方法]:editPage,[参数]:id=3&_=1490258502245&','127.0.0.1','2017-03-23 18:52:07'),(1100,'admin','admin','[类名]:com.gray.gray.controller.SystemManagerController,[方法]:editPage,[参数]:id=15&_=1490258502246&','127.0.0.1','2017-03-23 18:52:27'),(1101,'admin','admin','[类名]:com.gray.gray.controller.SystemManagerController,[方法]:editPage,[参数]:id=15&_=1490258502247&','127.0.0.1','2017-03-23 18:53:02'),(1102,'admin','admin','[类名]:com.gray.gray.controller.SystemManagerController,[方法]:editPage,[参数]:id=1&_=1490258502248&','127.0.0.1','2017-03-23 18:53:52'),(1103,'admin','admin','[类名]:com.gray.gray.controller.SystemManagerController,[方法]:addPage,[参数]:',NULL,'2017-03-23 18:54:40'),(1104,'admin','admin','[类名]:com.gray.gray.controller.SystemManagerController,[方法]:addPage,[参数]:',NULL,'2017-03-23 18:55:05'),(1105,'admin','admin','[类名]:com.gray.gray.controller.SystemManagerController,[方法]:editPage,[参数]:id=1&_=1490258502251&','127.0.0.1','2017-03-23 18:55:15'),(1106,'admin','admin','[类名]:com.gray.gray.controller.SystemManagerController,[方法]:editPage,[参数]:id=1&_=1490258502252&','127.0.0.1','2017-03-23 18:56:31'),(1107,'admin','admin','[类名]:com.gray.gray.controller.SystemManagerController,[方法]:addPage,[参数]:',NULL,'2017-03-23 18:58:00'),(1108,'admin','admin','[类名]:com.gray.gray.controller.SystemManagerController,[方法]:editPage,[参数]:id=16&_=1490266670354&','127.0.0.1','2017-03-23 18:58:07'),(1109,'admin','admin','[类名]:com.gray.gray.controller.SystemManagerController,[方法]:editPage,[参数]:id=1&_=1490266670360&','127.0.0.1','2017-03-23 19:29:05'),(1110,'admin','admin','[类名]:com.gray.gray.controller.SystemManagerController,[方法]:addPage,[参数]:',NULL,'2017-03-23 19:29:11'),(1111,'admin','admin','[类名]:com.gray.gray.controller.SystemManagerController,[方法]:editPage,[参数]:id=16&_=1490268625546&','127.0.0.1','2017-03-23 19:31:10'),(1112,'admin','admin','[类名]:com.gray.gray.controller.SystemManagerController,[方法]:edit,[参数]:name=P2P交易&systemId=tradecore&grayIp=1&deployIp=1&upstream=tradecore&param=userNo&organizationId=7&active=nginx&strategy_nginx=1&nginxs=&remark=&id=16&oldSystemId=1&','127.0.0.1','2017-03-23 19:31:46'),(1113,'admin','admin','[类名]:com.gray.gray.controller.SystemManagerController,[方法]:editPage,[参数]:id=15&_=1490268625547&','127.0.0.1','2017-03-23 19:31:53'),(1114,'admin','admin','[类名]:com.gray.gray.controller.SystemManagerController,[方法]:edit,[参数]:name=自动化发布&systemId=test&grayIp=111&deployIp=1111&upstream=111&param=11111&organizationId=5&active=nginx&strategy_nginx=1&strategy_dubbo=2&nginxs=&remark=&id=15&oldSystemId=1111&','127.0.0.1','2017-03-23 19:32:09'),(1115,'admin','admin','[类名]:com.gray.gray.controller.SystemManagerController,[方法]:editPage,[参数]:id=15&_=1490268625548&','127.0.0.1','2017-03-23 19:32:25'),(1116,'admin','admin','[类名]:com.gray.gray.controller.SystemManagerController,[方法]:edit,[参数]:name=管理系统&systemId=jira&grayIp=111&deployIp=1111&upstream=111&param=11111&organizationId=5&active=nginx&strategy_nginx=1&strategy_dubbo=2&nginxs=&remark=&id=15&oldSystemId=test&','127.0.0.1','2017-03-23 19:32:47'),(1117,'admin','admin','[类名]:com.gray.gray.controller.SystemManagerController,[方法]:editPage,[参数]:id=1&_=1490268625549&','127.0.0.1','2017-03-23 19:33:42'),(1118,'admin','admin','[类名]:com.gray.gray.controller.SystemManagerController,[方法]:editPage,[参数]:id=1&_=1490268625550&','127.0.0.1','2017-03-23 19:33:45'),(1119,'admin','admin','[类名]:com.gray.gray.controller.SystemManagerController,[方法]:edit,[参数]:name=P2P网关&systemId=paygent&grayIp=server 127.0.0.1:81;&deployIp=server 127.0.0.1:82;server 127.0.0.1:83;&upstream=paygent&param=userNo&organizationId=8&active=nginx&strategy_nginx=1&strategy_dubbo=1&nginxs=192.168.237.208:80&remark=&id=1&oldSystemId=paygent&','127.0.0.1','2017-03-23 19:33:50'),(1120,'admin','admin','[类名]:com.gray.gray.controller.SystemManagerController,[方法]:editPage,[参数]:id=3&_=1490268625551&','127.0.0.1','2017-03-23 19:34:03'),(1121,'admin','admin','[类名]:com.gray.sys.controller.OrganizationController,[方法]:editPage,[参数]:id=7&_=1490268941189&','127.0.0.1','2017-03-23 19:39:50'),(1122,'admin','admin','[类名]:com.gray.sys.controller.OrganizationController,[方法]:edit,[参数]:id=7&code=06&name=支付平台&seq=0&icon=fi-social-smashing-mag&address=&pid=3&','127.0.0.1','2017-03-23 19:39:54'),(1123,'admin','admin','[类名]:com.gray.sys.controller.OrganizationController,[方法]:editPage,[参数]:id=8&_=1490268941190&','127.0.0.1','2017-03-23 19:40:02'),(1124,'admin','admin','[类名]:com.gray.sys.controller.OrganizationController,[方法]:edit,[参数]:id=8&code=07&name=支付应用&seq=0&icon=fi-social-smashing-mag&address=&pid=3&','127.0.0.1','2017-03-23 19:40:06'),(1125,'admin','admin','[类名]:com.gray.sys.controller.OrganizationController,[方法]:editPage,[参数]:id=6&_=1490268941191&','127.0.0.1','2017-03-23 19:41:04'),(1126,'admin','admin','[类名]:com.gray.sys.controller.OrganizationController,[方法]:edit,[参数]:id=6&code=04&name=测试组&seq=0&icon=fi-arrows-expand&address=&pid=3&','127.0.0.1','2017-03-23 19:41:10'),(1127,'admin','admin','[类名]:com.gray.sys.controller.OrganizationController,[方法]:editPage,[参数]:id=6&_=1490268941193&','127.0.0.1','2017-03-23 19:42:05'),(1128,'admin','admin','[类名]:com.gray.sys.controller.OrganizationController,[方法]:edit,[参数]:id=6&code=04&name=测试组&seq=0&icon=fi-shuffle&address=&pid=3&','127.0.0.1','2017-03-23 19:42:10'),(1129,'admin','admin','[类名]:com.gray.gray.controller.SystemManagerController,[方法]:editPage,[参数]:id=1&_=1490268941195&','127.0.0.1','2017-03-23 19:43:08'),(1130,'admin','admin','[类名]:com.gray.gray.controller.StrategyManagerController,[方法]:editPage,[参数]:id=2&_=1490268941199&','127.0.0.1','2017-03-23 19:47:04'),(1131,'admin','admin','[类名]:com.gray.gray.controller.StrategyManagerController,[方法]:delete,[参数]:id=2&','127.0.0.1','2017-03-23 19:59:17'),(1132,'admin','admin','[类名]:com.gray.gray.controller.StrategyManagerController,[方法]:delete,[参数]:id=2&','127.0.0.1','2017-03-23 19:59:22'),(1133,'admin','admin','[类名]:com.gray.gray.controller.StrategyManagerController,[方法]:editPage,[参数]:id=2&_=1490268941204&','127.0.0.1','2017-03-23 20:02:37'),(1134,'admin','admin','[类名]:com.gray.gray.controller.SystemManagerController,[方法]:editPage,[参数]:id=16&_=1490271326913&','127.0.0.1','2017-03-23 20:16:26'),(1135,'admin','admin','[类名]:com.gray.gray.controller.SystemManagerController,[方法]:edit,[参数]:name=P2P交易&systemId=tradecore&grayIp=1&deployIp=1&upstream=tradecore&param=userNo&organizationId=7&active=nginx&strategy_nginx=1&nginxs=&remark=&id=16&oldSystemId=tradecore&','127.0.0.1','2017-03-23 20:16:33'),(1136,'admin','admin','[类名]:com.gray.gray.controller.SystemManagerController,[方法]:edit,[参数]:name=P2P交易&systemId=tradecore&grayIp=1&deployIp=1&upstream=tradecore&param=userNo&organizationId=7&active=nginx&strategy_nginx=1&nginxs=&remark=&id=16&oldSystemId=tradecore&','127.0.0.1','2017-03-24 09:32:58'),(1137,'admin','admin','[类名]:com.gray.gray.controller.SystemManagerController,[方法]:editPage,[参数]:id=16&_=1490271326914&','127.0.0.1','2017-03-24 09:39:50'),(1138,'admin','admin','[类名]:com.gray.gray.controller.SystemManagerController,[方法]:editPage,[参数]:id=16&_=1490271326915&','127.0.0.1','2017-03-24 09:41:12'),(1139,'admin','admin','[类名]:com.gray.gray.controller.SystemManagerController,[方法]:editPage,[参数]:id=16&_=1490271326916&','127.0.0.1','2017-03-24 09:42:25'),(1140,'admin','admin','[类名]:com.gray.gray.controller.SystemManagerController,[方法]:editPage,[参数]:id=16&_=1490271326917&','127.0.0.1','2017-03-24 09:43:56'),(1141,'admin','admin','[类名]:com.gray.gray.controller.SystemManagerController,[方法]:edit,[参数]:name=P2P交易&systemId=tradecore&grayIp=1&deployIp=1&upstream=tradecore&param=userNo&organizationId=7&active=nginx&strategy_nginx=2&strategy_dubbo=1&nginxs=&remark=&id=16&oldSystemId=tradecore&','127.0.0.1','2017-03-24 09:44:07'),(1142,'admin','admin','[类名]:com.gray.gray.controller.SystemManagerController,[方法]:editPage,[参数]:id=16&_=1490271326918&','127.0.0.1','2017-03-24 09:46:40'),(1143,'admin','admin','[类名]:com.gray.gray.controller.SystemManagerController,[方法]:edit,[参数]:name=P2P交易&systemId=tradecore&grayIp=1&deployIp=1&upstream=tradecore&param=userNo&organizationId=7&active=nginx&strategy_nginx=2&strategy_dubbo=1&nginxs=&remark=&id=16&oldSystemId=tradecore&','127.0.0.1','2017-03-24 09:46:52'),(1144,'admin','admin','[类名]:com.gray.gray.controller.SystemManagerController,[方法]:editPage,[参数]:id=16&_=1490271326919&','127.0.0.1','2017-03-24 09:47:45'),(1145,'admin','admin','[类名]:com.gray.gray.controller.SystemManagerController,[方法]:edit,[参数]:name=P2P交易&systemId=tradecore&grayIp=1&deployIp=1&upstream=tradecore&param=userNo&organizationId=7&active=nginx&strategy_nginx=2&nginxs=&remark=&id=16&oldSystemId=tradecore&','127.0.0.1','2017-03-24 09:47:51'),(1146,'admin','admin','[类名]:com.gray.gray.controller.SystemManagerController,[方法]:editPage,[参数]:id=16&_=1490271326920&','127.0.0.1','2017-03-24 09:48:03'),(1147,'admin','admin','[类名]:com.gray.gray.controller.SystemManagerController,[方法]:editPage,[参数]:id=16&_=1490271326921&','127.0.0.1','2017-03-24 09:50:01'),(1148,'admin','admin','[类名]:com.gray.gray.controller.SystemManagerController,[方法]:editPage,[参数]:id=16&_=1490271326922&','127.0.0.1','2017-03-24 09:50:51'),(1149,'admin','admin','[类名]:com.gray.gray.controller.SystemManagerController,[方法]:edit,[参数]:name=P2P交易&systemId=tradecore&grayIp=1&deployIp=1&upstream=tradecore&param=userNo&organizationId=7&active=dubbo&strategy_dubbo=1&nginxs=&remark=&id=16&oldSystemId=tradecore&','127.0.0.1','2017-03-24 09:51:00'),(1150,'admin','admin','[类名]:com.gray.gray.controller.SystemManagerController,[方法]:editPage,[参数]:id=16&_=1490271326923&','127.0.0.1','2017-03-24 09:51:10'),(1151,'admin','admin','[类名]:com.gray.gray.controller.SystemManagerController,[方法]:editPage,[参数]:id=16&_=1490271326924&','127.0.0.1','2017-03-24 09:51:28'),(1152,'admin','admin','[类名]:com.gray.gray.controller.SystemManagerController,[方法]:editPage,[参数]:id=16&_=1490320291693&','127.0.0.1','2017-03-24 09:51:40'),(1153,'admin','admin','[类名]:com.gray.gray.controller.SystemManagerController,[方法]:addPage,[参数]:',NULL,'2017-03-24 09:52:01'),(1154,'admin','admin','[类名]:com.gray.gray.controller.SystemManagerController,[方法]:editPage,[参数]:id=16&_=1490320291695&','127.0.0.1','2017-03-24 09:55:22'),(1155,'admin','admin','[类名]:com.gray.gray.controller.SystemManagerController,[方法]:editPage,[参数]:id=16&_=1490320291696&','127.0.0.1','2017-03-24 09:56:47'),(1156,'admin','admin','[类名]:com.gray.gray.controller.SystemManagerController,[方法]:editPage,[参数]:id=16&_=1490320291697&','127.0.0.1','2017-03-24 09:57:50'),(1157,'admin','admin','[类名]:com.gray.gray.controller.SystemManagerController,[方法]:editPage,[参数]:id=16&_=1490320291698&','127.0.0.1','2017-03-24 10:01:22'),(1158,'admin','admin','[类名]:com.gray.gray.controller.SystemManagerController,[方法]:editPage,[参数]:id=16&_=1490320291699&','127.0.0.1','2017-03-24 10:04:00'),(1159,'admin','admin','[类名]:com.gray.gray.controller.SystemManagerController,[方法]:editPage,[参数]:id=16&_=1490320291700&','127.0.0.1','2017-03-24 10:07:35'),(1160,'admin','admin','[类名]:com.gray.gray.controller.SystemManagerController,[方法]:editPage,[参数]:id=16&_=1490320291701&','127.0.0.1','2017-03-24 10:11:17'),(1161,'admin','admin','[类名]:com.gray.gray.controller.SystemManagerController,[方法]:editPage,[参数]:id=16&_=1490320291702&','127.0.0.1','2017-03-24 10:12:06'),(1162,'admin','admin','[类名]:com.gray.gray.controller.SystemManagerController,[方法]:editPage,[参数]:id=16&_=1490320291703&','127.0.0.1','2017-03-24 10:12:59'),(1163,'admin','admin','[类名]:com.gray.gray.controller.SystemManagerController,[方法]:editPage,[参数]:id=16&_=1490320291704&','127.0.0.1','2017-03-24 10:13:35'),(1164,'admin','admin','[类名]:com.gray.gray.controller.SystemManagerController,[方法]:editPage,[参数]:id=16&_=1490320291705&','127.0.0.1','2017-03-24 10:13:49'),(1165,'admin','admin','[类名]:com.gray.gray.controller.SystemManagerController,[方法]:editPage,[参数]:id=16&_=1490320291706&','127.0.0.1','2017-03-24 10:14:40'),(1166,'admin','admin','[类名]:com.gray.gray.controller.SystemManagerController,[方法]:editPage,[参数]:id=16&_=1490320291707&','127.0.0.1','2017-03-24 10:19:14'),(1167,'admin','admin','[类名]:com.gray.gray.controller.SystemManagerController,[方法]:editPage,[参数]:id=16&_=1490320291708&','127.0.0.1','2017-03-24 10:20:07'),(1168,'admin','admin','[类名]:com.gray.gray.controller.SystemManagerController,[方法]:editPage,[参数]:id=16&_=1490320291709&','127.0.0.1','2017-03-24 10:21:36'),(1169,'admin','admin','[类名]:com.gray.gray.controller.SystemManagerController,[方法]:editPage,[参数]:id=16&_=1490320291710&','127.0.0.1','2017-03-24 10:23:06'),(1170,'admin','admin','[类名]:com.gray.gray.controller.SystemManagerController,[方法]:editPage,[参数]:id=16&_=1490320291711&','127.0.0.1','2017-03-24 10:23:42'),(1171,'admin','admin','[类名]:com.gray.gray.controller.SystemManagerController,[方法]:editPage,[参数]:id=16&_=1490320291712&','127.0.0.1','2017-03-24 10:24:04'),(1172,'admin','admin','[类名]:com.gray.gray.controller.SystemManagerController,[方法]:editPage,[参数]:id=16&_=1490320291713&','127.0.0.1','2017-03-24 10:24:22'),(1173,'admin','admin','[类名]:com.gray.gray.controller.SystemManagerController,[方法]:editPage,[参数]:id=16&_=1490320291714&','127.0.0.1','2017-03-24 10:25:52'),(1174,'admin','admin','[类名]:com.gray.gray.controller.SystemManagerController,[方法]:addPage,[参数]:',NULL,'2017-03-24 10:25:57'),(1175,'admin','admin','[类名]:com.gray.gray.controller.SystemManagerController,[方法]:editPage,[参数]:id=16&_=1490320291716&','127.0.0.1','2017-03-24 10:26:05'),(1176,'admin','admin','[类名]:com.gray.gray.controller.SystemManagerController,[方法]:editPage,[参数]:id=16&_=1490320291717&','127.0.0.1','2017-03-24 10:26:19'),(1177,'admin','admin','[类名]:com.gray.gray.controller.SystemManagerController,[方法]:addPage,[参数]:',NULL,'2017-03-24 10:26:57'),(1178,'admin','admin','[类名]:com.gray.gray.controller.SystemManagerController,[方法]:editPage,[参数]:id=16&_=1490322409986&','127.0.0.1','2017-03-24 10:27:01'),(1179,'admin','admin','[类名]:com.gray.gray.controller.SystemManagerController,[方法]:editPage,[参数]:id=16&_=1490322409987&','127.0.0.1','2017-03-24 10:27:22'),(1180,'admin','admin','[类名]:com.gray.sys.controller.ResourceController,[方法]:addPage,[参数]:',NULL,'2017-03-24 10:33:48'),(1181,'admin','admin','[类名]:com.gray.sys.controller.ResourceController,[方法]:add,[参数]:name=更新策略&resourceType=1&url=/systemGrayr/reloadSystemStrategy&openMode=ajax&icon=fi-torsos&seq=0&status=0&opened=0&pid=260&','127.0.0.1','2017-03-24 10:35:09'),(1182,'admin','admin','[类名]:com.gray.sys.controller.ResourceController,[方法]:addPage,[参数]:',NULL,'2017-03-24 10:35:11'),(1183,'admin','admin','[类名]:com.gray.sys.controller.ResourceController,[方法]:add,[参数]:name=更新策略&resourceType=1&url=/serviceGray/reloadServiceStrategy&openMode=ajax&icon=fi-torsos&seq=0&status=0&opened=1&pid=272&','127.0.0.1','2017-03-24 10:35:55'),(1184,'admin','admin','[类名]:com.gray.sys.controller.ResourceController,[方法]:editPage,[参数]:id=279&_=1490322409993&','127.0.0.1','2017-03-24 10:36:04'),(1185,'admin','admin','[类名]:com.gray.sys.controller.ResourceController,[方法]:edit,[参数]:id=279&name=更新策略&resourceType=1&url=/systemGrayr/reloadSystemStrategy&openMode=ajax&icon=fi-torsos&seq=0&status=0&opened=1&pid=260&','127.0.0.1','2017-03-24 10:36:08'),(1186,'admin','admin','[类名]:com.gray.sys.controller.ResourceController,[方法]:editPage,[参数]:id=279&_=1490322409996&','127.0.0.1','2017-03-24 10:37:35'),(1187,'admin','admin','[类名]:com.gray.sys.controller.ResourceController,[方法]:edit,[参数]:id=279&name=更新策略&resourceType=1&url=/systemGrayr/reloadSystemStrategy&openMode=ajax&icon=fi-contrast&seq=0&status=0&opened=1&pid=260&','127.0.0.1','2017-03-24 10:37:47'),(1188,'admin','admin','[类名]:com.gray.sys.controller.ResourceController,[方法]:editPage,[参数]:id=280&_=1490322409997&','127.0.0.1','2017-03-24 10:37:51'),(1189,'admin','admin','[类名]:com.gray.sys.controller.ResourceController,[方法]:edit,[参数]:id=280&name=更新策略&resourceType=1&url=/serviceGray/reloadServiceStrategy&openMode=ajax&icon=fi-contrast&seq=0&status=0&opened=1&pid=272&','127.0.0.1','2017-03-24 10:37:55'),(1190,'admin','admin','[类名]:com.gray.sys.controller.ResourceController,[方法]:editPage,[参数]:id=273&_=1490322409998&','127.0.0.1','2017-03-24 10:41:05'),(1191,'admin','admin','[类名]:com.gray.sys.controller.ResourceController,[方法]:edit,[参数]:id=273&name=启动灰度&resourceType=1&url=/serviceGray/startServiceGray&openMode=ajax&icon=fi-share&seq=0&status=0&opened=1&pid=272&','127.0.0.1','2017-03-24 10:41:13'),(1192,'admin','admin','[类名]:com.gray.sys.controller.ResourceController,[方法]:editPage,[参数]:id=274&_=1490322409999&','127.0.0.1','2017-03-24 10:41:16'),(1193,'admin','admin','[类名]:com.gray.sys.controller.ResourceController,[方法]:edit,[参数]:id=274&name=停止灰度&resourceType=1&url=/serviceGray/stopServiceGray&openMode=ajax&icon=fi-x-circle&seq=0&status=0&opened=1&pid=272&','127.0.0.1','2017-03-24 10:41:24'),(1194,'admin','admin','[类名]:com.gray.sys.controller.ResourceController,[方法]:editPage,[参数]:id=275&_=1490322410000&','127.0.0.1','2017-03-24 10:41:27'),(1195,'admin','admin','[类名]:com.gray.sys.controller.ResourceController,[方法]:edit,[参数]:id=275&name=刷新白名单&resourceType=1&url=/serviceGray/reloadServiceWhitelist&openMode=&icon=fi-male-female&seq=0&status=0&opened=1&pid=272&','127.0.0.1','2017-03-24 10:41:33'),(1196,'admin','admin','[类名]:com.gray.sys.controller.ResourceController,[方法]:editPage,[参数]:id=276&_=1490322410001&','127.0.0.1','2017-03-24 10:41:37'),(1197,'admin','admin','[类名]:com.gray.sys.controller.ResourceController,[方法]:edit,[参数]:id=276&name=批量开启灰度&resourceType=1&url=/serviceGray/startServiceGray&openMode=ajax&icon=fi-refresh&seq=0&status=0&opened=1&pid=272&','127.0.0.1','2017-03-24 10:41:43'),(1198,'admin','admin','[类名]:com.gray.sys.controller.ResourceController,[方法]:editPage,[参数]:id=277&_=1490322410002&','127.0.0.1','2017-03-24 10:41:50'),(1199,'admin','admin','[类名]:com.gray.sys.controller.ResourceController,[方法]:edit,[参数]:id=277&name=批量关闭灰度&resourceType=1&url=/serviceGray/stopServiceGray&openMode=ajax&icon=fi-refresh&seq=0&status=0&opened=1&pid=272&','127.0.0.1','2017-03-24 10:41:56'),(1200,'admin','admin','[类名]:com.gray.sys.controller.RoleController,[方法]:grantPage,[参数]:id=1&_=1490322410004&','127.0.0.1','2017-03-24 10:42:40'),(1201,'admin','admin','[类名]:com.gray.sys.controller.RoleController,[方法]:grant,[参数]:id=1&resourceIds=230,231,233,234,235,236,232,238,239,240,241,251,252,253,254,255,244,259,245,246,247,248,267,268,269,270,271,260,261,262,263,264,265,279,272,273,274,275,276,277,280,221,227,228,229,1,11,111,112,113,114,12,121,122,123,124,125,13,131,132,133,134,14,141,142,143,144,226&','127.0.0.1','2017-03-24 10:42:44'),(1202,'admin','admin','[类名]:com.gray.sys.controller.LoginController,[方法]:logout,[参数]:',NULL,'2017-03-24 10:42:50'),(1203,'admin','admin','[类名]:com.gray.sys.controller.ResourceController,[方法]:editPage,[参数]:id=279&_=1490323377920&','127.0.0.1','2017-03-24 10:45:35'),(1204,'admin','admin','[类名]:com.gray.sys.controller.ResourceController,[方法]:edit,[参数]:id=279&name=更新策略&resourceType=1&url=/systemGray/reloadSystemStrategy&openMode=ajax&icon=fi-contrast&seq=0&status=0&opened=1&pid=260&','127.0.0.1','2017-03-24 10:45:39'),(1205,'admin','admin','[类名]:com.gray.sys.controller.LoginController,[方法]:logout,[参数]:',NULL,'2017-03-24 10:45:44'),(1206,'admin','admin','[类名]:com.gray.sys.controller.ResourceController,[方法]:addPage,[参数]:',NULL,'2017-03-24 13:15:30'),(1207,'admin','admin','[类名]:com.gray.sys.controller.ResourceController,[方法]:add,[参数]:name=全部停止灰度&resourceType=1&url=/systemGray/closeAllGray&openMode=ajax&icon=&seq=0&status=0&opened=1&pid=260&','127.0.0.1','2017-03-24 13:15:51'),(1208,'admin','admin','[类名]:com.gray.sys.controller.ResourceController,[方法]:editPage,[参数]:id=281&_=1490323561023&','127.0.0.1','2017-03-24 13:16:19'),(1209,'admin','admin','[类名]:com.gray.sys.controller.ResourceController,[方法]:edit,[参数]:id=281&name=全部停止灰度&resourceType=1&url=/systemGray/closeAllGray&openMode=ajax&icon=fi-minus-circle&seq=0&status=0&opened=1&pid=260&','127.0.0.1','2017-03-24 13:16:22'),(1210,'admin','admin','[类名]:com.gray.sys.controller.RoleController,[方法]:grantPage,[参数]:id=1&_=1490323561025&','127.0.0.1','2017-03-24 13:16:43'),(1211,'admin','admin','[类名]:com.gray.sys.controller.RoleController,[方法]:grant,[参数]:id=1&resourceIds=230,231,233,234,235,236,232,238,239,240,241,251,252,253,254,255,244,259,245,246,247,248,267,268,269,270,271,260,261,262,263,264,265,279,281,272,273,274,275,276,277,280,221,227,228,229,1,11,111,112,113,114,12,121,122,123,124,125,13,131,132,133,134,14,141,142,143,144,226&','127.0.0.1','2017-03-24 13:16:45'),(1212,'admin','admin','[类名]:com.gray.sys.controller.LoginController,[方法]:logout,[参数]:',NULL,'2017-03-24 13:16:49'),(1213,'admin','admin','[类名]:com.gray.gray.controller.StrategyManagerController,[方法]:editPage,[参数]:id=1&_=1490332615402&','127.0.0.1','2017-03-24 14:36:30'),(1214,'admin','admin','[类名]:com.gray.gray.controller.SystemManagerController,[方法]:editPage,[参数]:id=1&_=1490338079615&','127.0.0.1','2017-03-24 14:48:41'),(1215,'admin','admin','[类名]:com.gray.gray.controller.SystemManagerController,[方法]:edit,[参数]:name=P2P网关&systemId=paygent&grayIp=server 127.0.0.1:81;&deployIp=server 127.0.0.1:82;server 127.0.0.1:83;&upstream=paygent&param=userNo&organizationId=8&active=nginx&strategy_nginx=1&nginxs=192.168.237.208:80&remark=&id=1&oldSystemId=paygent&','127.0.0.1','2017-03-24 14:48:48'),(1216,'admin','admin','[类名]:com.gray.gray.controller.SystemServiceController,[方法]:editPage,[参数]:id=1&_=1490578667819&','127.0.0.1','2017-03-27 09:52:48'),(1217,'admin','admin','[类名]:com.gray.gray.controller.SystemServiceController,[方法]:editPage,[参数]:id=1&_=1490578667822&','127.0.0.1','2017-03-27 11:36:11'),(1218,'admin','admin','[类名]:com.gray.gray.controller.SystemManagerController,[方法]:editPage,[参数]:id=1&_=1490578667824&','127.0.0.1','2017-03-27 11:36:37'),(1219,'admin','admin','[类名]:com.gray.gray.controller.SystemManagerController,[方法]:edit,[参数]:name=P2P网关&systemId=paygent&grayIp=server 127.0.0.1:81;&deployIp=server 127.0.0.1:82;server 127.0.0.1:83;&upstream=paygent&param=phone&organizationId=8&active=nginx&strategy_nginx=1&nginxs=192.168.237.208:80&remark=&id=1&oldSystemId=paygent&','127.0.0.1','2017-03-27 11:36:50'),(1220,'admin','admin','[类名]:com.gray.gray.controller.SystemManagerController,[方法]:addPage,[参数]:',NULL,'2017-03-27 12:47:54'),(1221,'admin','admin','[类名]:com.gray.gray.controller.StrategyManagerController,[方法]:editPage,[参数]:id=2&_=1490589907840&','127.0.0.1','2017-03-27 13:09:36'),(1222,'admin','admin','[类名]:com.gray.gray.controller.StrategyManagerController,[方法]:edit,[参数]:name=测试策略【正则】&status=1&way=6&forwardReverse=1&regular=11&flowTatio=1122&remark=用于任意字母的正则表达式&id=2&oldname=112&','127.0.0.1','2017-03-27 13:12:36'),(1223,'admin','admin','[类名]:com.gray.gray.controller.StrategyManagerController,[方法]:editPage,[参数]:id=2&_=1490589907841&','127.0.0.1','2017-03-27 13:12:39'),(1224,'admin','admin','[类名]:com.gray.gray.controller.StrategyManagerController,[方法]:edit,[参数]:name=测试策略【正则】&status=1&way=6&forwardReverse=1&regular=^t10&flowTatio=1122&remark=用于任意字母的正则表达式&id=2&oldname=测试策略【正则】&','127.0.0.1','2017-03-27 13:27:39'),(1225,'admin','admin','[类名]:com.gray.gray.controller.SystemServiceController,[方法]:addPage,[参数]:systemId=1&_=1490589907842&','127.0.0.1','2017-03-27 13:28:42'),(1226,'admin','admin','[类名]:com.gray.gray.controller.SystemServiceController,[方法]:add,[参数]:name=/userNo1.html&type=nginx&version=1&param=userNo&strategy_nginx=2&remark=&status=0&systemId=1&','127.0.0.1','2017-03-27 13:29:21'),(1227,'admin','admin','[类名]:com.gray.gray.controller.StrategyManagerController,[方法]:addPage,[参数]:',NULL,'2017-03-27 13:43:07'),(1228,'admin','admin','[类名]:com.gray.gray.controller.StrategyManagerController,[方法]:add,[参数]:name=测试策略【小流量】&status=1&way=2&forwardReverse=0&regular=11&flowTatio=10&remark=&','127.0.0.1','2017-03-27 13:46:14'),(1229,'admin','admin','[类名]:com.gray.gray.controller.SystemServiceController,[方法]:addPage,[参数]:systemId=1&_=1490589907845&','127.0.0.1','2017-03-27 13:46:28'),(1230,'admin','admin','[类名]:com.gray.gray.controller.SystemServiceController,[方法]:add,[参数]:name=/xiaoliuliang.html&type=nginx&version=1.0&param=userNo&strategy_nginx=3&remark=&status=0&systemId=1&','127.0.0.1','2017-03-27 13:47:24'),(1231,'admin','admin','[类名]:com.gray.gray.controller.SystemManagerController,[方法]:editPage,[参数]:id=16&_=1491385581901&','127.0.0.1','2017-04-05 17:48:13'),(1232,'admin','admin','[类名]:com.gray.sys.controller.LoginController,[方法]:logout,[参数]:',NULL,'2017-04-06 13:34:21'),(1233,'admin','admin','[类名]:com.gray.sys.controller.ResourceController,[方法]:editPage,[参数]:id=244&_=1491456868900&','127.0.0.1','2017-04-06 13:35:28'),(1234,'admin','admin','[类名]:com.gray.sys.controller.ResourceController,[方法]:edit,[参数]:id=244&name=应用管理&resourceType=0&url=/application/manager&openMode=&icon=fi-web&seq=3&status=0&opened=1&pid=230&','127.0.0.1','2017-04-06 13:35:36'),(1235,'admin','admin','[类名]:com.gray.sys.controller.ResourceController,[方法]:editPage,[参数]:id=267&_=1491456868901&','127.0.0.1','2017-04-06 13:35:40'),(1236,'admin','admin','[类名]:com.gray.sys.controller.ResourceController,[方法]:edit,[参数]:id=267&name=应用服务&resourceType=0&url=/applicationService/manager&openMode=ajax&icon=fi-volume&seq=4&status=0&opened=1&pid=230&','127.0.0.1','2017-04-06 13:35:45'),(1237,'admin','admin','[类名]:com.gray.sys.controller.ResourceController,[方法]:editPage,[参数]:id=260&_=1491456868902&','127.0.0.1','2017-04-06 13:35:49'),(1238,'admin','admin','[类名]:com.gray.sys.controller.ResourceController,[方法]:edit,[参数]:id=260&name=应用灰度&resourceType=0&url=/applicationGray/manager&openMode=&icon=fi-rss&seq=5&status=0&opened=1&pid=230&','127.0.0.1','2017-04-06 13:35:55'),(1239,'admin','admin','[类名]:com.gray.gray.controller.ApplicationController,[方法]:editPage,[参数]:id=1&_=1491457079891&','127.0.0.1','2017-04-10 11:21:02'),(1240,'admin','admin','[类名]:com.gray.gray.controller.ApplicationController,[方法]:editPage,[参数]:id=1&_=1491457079892&','127.0.0.1','2017-04-10 11:35:08'),(1241,'admin','admin','[类名]:com.gray.gray.controller.ApplicationController,[方法]:edit,[参数]:name=P2P网关&applicationId=paygent&grayIp=server 127.0.0.1:81;&deployIp=server 127.0.0.1:82;server 127.0.0.1:83;&upstream=paygent&param=phone&organizationId=8&active=nginx&strategy_nginx=1&strategy_dubbo=1&nginxs=192.168.237.208:80&remark=&id=1&oldApplicationId=paygent&','127.0.0.1','2017-04-10 11:35:13'),(1242,'admin','admin','[类名]:com.gray.gray.controller.ApplicationController,[方法]:editPage,[参数]:id=1&_=1491457079894&','127.0.0.1','2017-04-10 14:59:24'),(1243,'admin','admin','[类名]:com.gray.gray.controller.ApplicationController,[方法]:editPage,[参数]:id=1&_=1491457079896&','127.0.0.1','2017-04-10 14:59:39'),(1244,'admin','admin','[类名]:com.gray.gray.controller.ApplicationController,[方法]:edit,[参数]:name=P2P网关&applicationId=paygent&grayIp=server 127.0.0.1:81;&deployIp=server 127.0.0.1:82;server 127.0.0.1:83;&upstream=paygent&param=userNo&organizationId=8&active=nginx&strategy_nginx=1&strategy_dubbo=1&nginxs=192.168.237.208:80&remark=&id=1&oldApplicationId=paygent&','127.0.0.1','2017-04-10 14:59:52'),(1245,'admin','admin','[类名]:com.gray.gray.controller.ApplicationController,[方法]:editPage,[参数]:id=1&_=1491457079897&','127.0.0.1','2017-04-10 15:02:16'),(1246,'admin','admin','[类名]:com.gray.gray.controller.ApplicationController,[方法]:edit,[参数]:name=P2P网关&applicationId=paygent&grayIp=server 127.0.0.1:81;&deployIp=server 127.0.0.1:82;server 127.0.0.1:83;&upstream=paygent&param=userNo&organizationId=8&active=nginx&strategy_nginx=1&strategy_dubbo=1&nginxs=192.168.237.208:80&remark=&id=1&oldApplicationId=paygent&','127.0.0.1','2017-04-10 15:02:20'),(1247,'admin','admin','[类名]:com.gray.gray.controller.ApplicationController,[方法]:editPage,[参数]:id=1&_=1491457079898&','127.0.0.1','2017-04-10 15:02:21'),(1248,'admin','admin','[类名]:com.gray.gray.controller.WhiteListController,[方法]:editPage,[参数]:id=9&_=1491457079901&','127.0.0.1','2017-04-10 15:12:50'),(1249,'admin','admin','[类名]:com.gray.gray.controller.WhiteListController,[方法]:edit,[参数]:id=9&groupId=2&status=1&param={\"name\":\"zhangsan\"}&remark=1111&','127.0.0.1','2017-04-10 15:13:41'),(1250,'admin','admin','[类名]:com.gray.gray.controller.WhiteListController,[方法]:addPage,[参数]:',NULL,'2017-04-10 15:13:43'),(1251,'admin','admin','[类名]:com.gray.gray.controller.WhiteListController,[方法]:add,[参数]:groupId=1&status=1&param={\"name\":\"lisi\"}&remark=&','127.0.0.1','2017-04-10 15:14:07'),(1252,'admin','admin','[类名]:com.gray.gray.controller.WhiteListController,[方法]:addPage,[参数]:',NULL,'2017-04-10 15:14:35'),(1253,'admin','admin','[类名]:com.gray.gray.controller.WhiteListController,[方法]:add,[参数]:groupId=1&status=1&param={\"name\":\"wangwu\"}&remark=&','127.0.0.1','2017-04-10 15:14:46'),(1254,'admin','admin','[类名]:com.gray.gray.controller.ApplicationController,[方法]:editPage,[参数]:id=1&_=1491457079908&','127.0.0.1','2017-04-10 15:23:42'),(1255,'admin','admin','[类名]:com.gray.gray.controller.ApplicationController,[方法]:edit,[参数]:name=P2P网关&applicationId=paygent&grayIp=server 127.0.0.1:81;&deployIp=server 127.0.0.1:82;server 127.0.0.1:83;&upstream=paygent&param=name&organizationId=8&active=dubbo&strategy_dubbo=1&nginxs=192.168.237.208:80&remark=&id=1&oldApplicationId=paygent&','127.0.0.1','2017-04-10 15:23:48'),(1256,'admin','admin','[类名]:com.gray.gray.controller.ApplicationController,[方法]:editPage,[参数]:id=1&_=1491457079909&','127.0.0.1','2017-04-10 15:24:26'),(1257,'admin','admin','[类名]:com.gray.gray.controller.ApplicationController,[方法]:edit,[参数]:name=P2P网关&applicationId=paygent&grayIp=server 127.0.0.1:81;&deployIp=server 127.0.0.1:82;server 127.0.0.1:83;&upstream=paygent&param=name&organizationId=8&active=dubbo&strategy_dubbo=1&nginxs=192.168.237.208:80&remark=&id=1&oldApplicationId=paygent&','127.0.0.1','2017-04-10 15:24:30'),(1258,'admin','admin','[类名]:com.gray.gray.controller.ApplicationController,[方法]:editPage,[参数]:id=1&_=1491457079910&','127.0.0.1','2017-04-10 15:24:36'),(1259,'admin','admin','[类名]:com.gray.gray.controller.ApplicationServiceController,[方法]:addPage,[参数]:applicationId=1&_=1491457079913&','127.0.0.1','2017-04-10 16:49:25'),(1260,'admin','admin','[类名]:com.gray.gray.controller.ApplicationServiceController,[方法]:add,[参数]:name=com.alibaba.dubbo.demo.DemoService.sayHello&type=dubbo&version=1.0&param=name&strategy_nginx=&remark=&status=0&applicationId=1&','127.0.0.1','2017-04-10 16:52:30'),(1261,'admin','admin','[类名]:com.gray.gray.controller.ApplicationController,[方法]:editPage,[参数]:id=1&_=1491457079914&','127.0.0.1','2017-04-11 09:37:09'),(1262,'admin','admin','[类名]:com.gray.gray.controller.ApplicationController,[方法]:edit,[参数]:name=P2P网关&applicationId=paygent&grayIp=server 127.0.0.1:81;&deployIp=server 127.0.0.1:82;server 127.0.0.1:83;&upstream=paygent&param=name&organizationId=8&active=nginx&strategy_nginx=1&strategy_dubbo=1&nginxs=192.168.237.208:80&remark=&id=1&oldApplicationId=paygent&','127.0.0.1','2017-04-11 09:37:14'),(1263,'admin','admin','[类名]:com.gray.gray.controller.ApplicationController,[方法]:editPage,[参数]:id=1&_=1491457079915&','127.0.0.1','2017-04-11 09:37:16'),(1264,'admin','admin','[类名]:com.gray.gray.controller.ApplicationController,[方法]:edit,[参数]:name=P2P网关&applicationId=paygent&grayIp=server 127.0.0.1:81;&deployIp=server 127.0.0.1:82;server 127.0.0.1:83;&upstream=paygent&param=name&organizationId=8&active=nginx&strategy_nginx=1&nginxs=192.168.237.208:80&remark=&id=1&oldApplicationId=paygent&','127.0.0.1','2017-04-11 09:37:20'),(1265,'admin','admin','[类名]:com.gray.gray.controller.ApplicationController,[方法]:editPage,[参数]:id=1&_=1491457079916&','127.0.0.1','2017-04-11 09:37:21'),(1266,'admin','admin','[类名]:com.gray.gray.controller.ApplicationController,[方法]:editPage,[参数]:id=1&_=1491457079917&','127.0.0.1','2017-04-11 09:37:41'),(1267,'admin','admin','[类名]:com.gray.gray.controller.ApplicationController,[方法]:edit,[参数]:name=P2P网关&applicationId=paygent&grayIp=server 127.0.0.1:81;&deployIp=server 127.0.0.1:82;server 127.0.0.1:83;&upstream=paygent&param=name&organizationId=8&active=nginx&strategy_nginx=1&strategy_dubbo=1&nginxs=192.168.237.208:80&remark=&id=1&oldApplicationId=paygent&','127.0.0.1','2017-04-11 09:37:43'),(1268,'admin','admin','[类名]:com.gray.gray.controller.ApplicationServiceController,[方法]:editPage,[参数]:id=5&_=1491457079918&','127.0.0.1','2017-04-11 09:37:54'),(1269,'admin','admin','[类名]:com.gray.gray.controller.ApplicationController,[方法]:editPage,[参数]:id=1&_=1491457079919&','127.0.0.1','2017-04-11 09:38:21'),(1270,'admin','admin','[类名]:com.gray.gray.controller.ApplicationController,[方法]:addPage,[参数]:',NULL,'2017-04-11 09:38:55'),(1271,'admin','admin','[类名]:com.gray.gray.controller.ApplicationController,[方法]:addPage,[参数]:',NULL,'2017-04-11 09:41:01'),(1272,'admin','admin','[类名]:com.gray.gray.controller.ApplicationController,[方法]:addPage,[参数]:',NULL,'2017-04-11 09:44:07'),(1273,'admin','admin','[类名]:com.gray.gray.controller.ApplicationController,[方法]:addPage,[参数]:',NULL,'2017-04-11 09:45:04'),(1274,'admin','admin','[类名]:com.gray.gray.controller.ApplicationController,[方法]:addPage,[参数]:',NULL,'2017-04-11 09:46:06'),(1275,'admin','admin','[类名]:com.gray.gray.controller.ApplicationController,[方法]:addPage,[参数]:',NULL,'2017-04-11 09:47:05'),(1276,'admin','admin','[类名]:com.gray.gray.controller.ApplicationController,[方法]:addPage,[参数]:',NULL,'2017-04-11 09:49:48'),(1277,'admin','admin','[类名]:com.gray.gray.controller.ApplicationController,[方法]:addPage,[参数]:',NULL,'2017-04-11 09:50:57'),(1278,'admin','admin','[类名]:com.gray.gray.controller.ApplicationController,[方法]:addPage,[参数]:',NULL,'2017-04-11 09:51:37'),(1279,'admin','admin','[类名]:com.gray.gray.controller.ApplicationController,[方法]:addPage,[参数]:',NULL,'2017-04-11 09:52:14'),(1280,'admin','admin','[类名]:com.gray.gray.controller.ApplicationController,[方法]:addPage,[参数]:',NULL,'2017-04-11 09:52:39'),(1281,'admin','admin','[类名]:com.gray.gray.controller.ApplicationController,[方法]:addPage,[参数]:',NULL,'2017-04-11 09:52:52'),(1282,'admin','admin','[类名]:com.gray.gray.controller.ApplicationController,[方法]:addPage,[参数]:',NULL,'2017-04-11 09:53:11'),(1283,'admin','admin','[类名]:com.gray.gray.controller.ApplicationController,[方法]:addPage,[参数]:',NULL,'2017-04-11 09:53:28'),(1284,'admin','admin','[类名]:com.gray.gray.controller.ApplicationController,[方法]:addPage,[参数]:',NULL,'2017-04-11 09:53:45'),(1285,'admin','admin','[类名]:com.gray.gray.controller.ApplicationController,[方法]:addPage,[参数]:',NULL,'2017-04-11 09:54:04'),(1286,'admin','admin','[类名]:com.gray.gray.controller.ApplicationController,[方法]:addPage,[参数]:',NULL,'2017-04-11 09:54:32'),(1287,'admin','admin','[类名]:com.gray.gray.controller.ApplicationController,[方法]:addPage,[参数]:',NULL,'2017-04-11 09:54:57'),(1288,'admin','admin','[类名]:com.gray.gray.controller.ApplicationController,[方法]:addPage,[参数]:',NULL,'2017-04-11 09:55:03'),(1289,'admin','admin','[类名]:com.gray.gray.controller.ApplicationController,[方法]:addPage,[参数]:',NULL,'2017-04-11 10:02:33'),(1290,'admin','admin','[类名]:com.gray.gray.controller.ApplicationController,[方法]:addPage,[参数]:',NULL,'2017-04-11 10:03:06'),(1291,'admin','admin','[类名]:com.gray.gray.controller.ApplicationController,[方法]:addPage,[参数]:',NULL,'2017-04-11 10:04:48'),(1292,'admin','admin','[类名]:com.gray.gray.controller.ApplicationController,[方法]:addPage,[参数]:',NULL,'2017-04-11 10:05:41'),(1293,'admin','admin','[类名]:com.gray.gray.controller.ApplicationController,[方法]:addPage,[参数]:',NULL,'2017-04-11 10:06:34'),(1294,'admin','admin','[类名]:com.gray.gray.controller.ApplicationController,[方法]:addPage,[参数]:',NULL,'2017-04-11 10:07:00'),(1295,'admin','admin','[类名]:com.gray.gray.controller.ApplicationController,[方法]:addPage,[参数]:',NULL,'2017-04-11 10:07:42'),(1296,'admin','admin','[类名]:com.gray.gray.controller.ApplicationController,[方法]:addPage,[参数]:',NULL,'2017-04-11 10:08:04'),(1297,'admin','admin','[类名]:com.gray.gray.controller.ApplicationController,[方法]:addPage,[参数]:',NULL,'2017-04-11 10:08:41'),(1298,'admin','admin','[类名]:com.gray.gray.controller.ApplicationController,[方法]:addPage,[参数]:',NULL,'2017-04-11 10:09:42'),(1299,'admin','admin','[类名]:com.gray.gray.controller.ApplicationController,[方法]:addPage,[参数]:',NULL,'2017-04-11 10:11:30'),(1300,'admin','admin','[类名]:com.gray.gray.controller.ApplicationController,[方法]:addPage,[参数]:',NULL,'2017-04-11 10:12:24'),(1301,'admin','admin','[类名]:com.gray.gray.controller.ApplicationController,[方法]:addPage,[参数]:',NULL,'2017-04-11 10:12:47'),(1302,'admin','admin','[类名]:com.gray.gray.controller.ApplicationController,[方法]:addPage,[参数]:',NULL,'2017-04-11 10:13:25'),(1303,'admin','admin','[类名]:com.gray.gray.controller.ApplicationController,[方法]:addPage,[参数]:',NULL,'2017-04-11 10:14:46'),(1304,'admin','admin','[类名]:com.gray.gray.controller.ApplicationController,[方法]:addPage,[参数]:',NULL,'2017-04-11 10:15:20'),(1305,'admin','admin','[类名]:com.gray.gray.controller.ApplicationController,[方法]:addPage,[参数]:',NULL,'2017-04-11 10:16:50'),(1306,'admin','admin','[类名]:com.gray.gray.controller.ApplicationController,[方法]:addPage,[参数]:',NULL,'2017-04-11 10:17:05'),(1307,'admin','admin','[类名]:com.gray.gray.controller.ApplicationController,[方法]:addPage,[参数]:',NULL,'2017-04-11 10:17:20'),(1308,'admin','admin','[类名]:com.gray.gray.controller.ApplicationController,[方法]:addPage,[参数]:',NULL,'2017-04-11 10:18:39'),(1309,'admin','admin','[类名]:com.gray.gray.controller.ApplicationController,[方法]:addPage,[参数]:',NULL,'2017-04-11 10:20:18'),(1310,'admin','admin','[类名]:com.gray.gray.controller.ApplicationController,[方法]:addPage,[参数]:',NULL,'2017-04-11 10:21:56'),(1311,'admin','admin','[类名]:com.gray.gray.controller.ApplicationController,[方法]:addPage,[参数]:',NULL,'2017-04-11 10:22:19'),(1312,'admin','admin','[类名]:com.gray.gray.controller.ApplicationController,[方法]:addPage,[参数]:',NULL,'2017-04-11 10:23:13'),(1313,'admin','admin','[类名]:com.gray.gray.controller.ApplicationController,[方法]:addPage,[参数]:',NULL,'2017-04-11 10:24:08'),(1314,'admin','admin','[类名]:com.gray.gray.controller.ApplicationController,[方法]:addPage,[参数]:',NULL,'2017-04-11 10:24:48'),(1315,'admin','admin','[类名]:com.gray.gray.controller.ApplicationController,[方法]:editPage,[参数]:id=1&_=1491457079968&','127.0.0.1','2017-04-11 10:26:17'),(1316,'admin','admin','[类名]:com.gray.gray.controller.ApplicationController,[方法]:editPage,[参数]:id=1&_=1491457079969&','127.0.0.1','2017-04-11 10:26:36'),(1317,'admin','admin','[类名]:com.gray.gray.controller.ApplicationController,[方法]:editPage,[参数]:id=1&_=1491457079971&','127.0.0.1','2017-04-11 10:26:42'),(1318,'admin','admin','[类名]:com.gray.gray.controller.ApplicationController,[方法]:addPage,[参数]:',NULL,'2017-04-11 10:26:52'),(1319,'admin','admin','[类名]:com.gray.gray.controller.ApplicationController,[方法]:editPage,[参数]:id=1&_=1491457079973&','127.0.0.1','2017-04-11 10:54:41'),(1320,'admin','admin','[类名]:com.gray.gray.controller.ApplicationController,[方法]:editPage,[参数]:id=1&_=1491457079974&','127.0.0.1','2017-04-11 10:56:44'),(1321,'admin','admin','[类名]:com.gray.gray.controller.ApplicationController,[方法]:editPage,[参数]:id=1&_=1491457079975&','127.0.0.1','2017-04-11 10:57:48'),(1322,'admin','admin','[类名]:com.gray.gray.controller.ApplicationController,[方法]:edit,[参数]:name=P2P网关&applicationId=paygent&upstream=paygent&param=name&organizationId=8&active=nginx&strategy_nginx=1&strategy_dubbo=1&nginx_gray=server 127.0.0.1:81;&nginx_deploy=server 127.0.0.1:82;server 127.0.0.1:83;&gray_dubbo=192.168.91.1:20880&deploy_dubbo=192.168.91.1:20881;192.168.91.1:20882&nginxs=192.168.237.208:80&remark=&id=1&oldApplicationId=paygent&','127.0.0.1','2017-04-11 10:58:05'),(1323,'admin','admin','[类名]:com.gray.gray.controller.ApplicationController,[方法]:editPage,[参数]:id=1&_=1491457079976&','127.0.0.1','2017-04-11 10:58:07'),(1324,'admin','admin','[类名]:com.gray.gray.controller.ApplicationController,[方法]:editPage,[参数]:id=1&_=1491457079977&','127.0.0.1','2017-04-11 10:59:16'),(1325,'admin','admin','[类名]:com.gray.gray.controller.ApplicationController,[方法]:edit,[参数]:name=P2P网关&applicationId=paygent&upstream=paygent&param=name&organizationId=8&active=nginx&strategy_nginx=1&strategy_dubbo=1&nginx_gray=server 127.0.0.1:81;&nginx_deploy=server 127.0.0.1:82;server 127.0.0.1:83;&gray_dubbo=192.168.91.1:20880&deploy_dubbo=192.168.91.1:20881;192.168.91.1:20882&nginxs=192.168.237.208:80&remark=&id=1&oldApplicationId=paygent&','127.0.0.1','2017-04-11 10:59:30'),(1326,'admin','admin','[类名]:com.gray.gray.controller.ApplicationController,[方法]:editPage,[参数]:id=1&_=1491457079978&','127.0.0.1','2017-04-11 10:59:31'),(1327,'admin','admin','[类名]:com.gray.gray.controller.ApplicationController,[方法]:edit,[参数]:name=P2P网关&applicationId=paygent&upstream=paygent&param=name&organizationId=8&active=nginx&strategy_nginx=1&strategy_dubbo=1&nginx_gray=server 127.0.0.1:81;&nginx_deploy=server 127.0.0.1:82;server 127.0.0.1:83;&gray_dubbo=192.168.91.1:20880&deploy_dubbo=192.168.91.1:20881&nginxs=192.168.237.208:80&remark=&id=1&oldApplicationId=paygent&','127.0.0.1','2017-04-11 11:01:23'),(1328,'admin','admin','[类名]:com.gray.gray.controller.ApplicationController,[方法]:edit,[参数]:name=P2P网关&applicationId=paygent&upstream=paygent&param=name&organizationId=8&active=nginx&strategy_nginx=1&strategy_dubbo=1&nginx_gray=server 127.0.0.1:81;&nginx_deploy=server 127.0.0.1:82;server 127.0.0.1:83;&gray_dubbo=192.168.91.1:20880&deploy_dubbo=192.168.91.1:20881&nginxs=192.168.237.208:80&remark=&id=1&oldApplicationId=paygent&','127.0.0.1','2017-04-11 11:03:25'),(1329,'admin','admin','[类名]:com.gray.gray.controller.ApplicationController,[方法]:editPage,[参数]:id=1&_=1491457079979&','127.0.0.1','2017-04-11 11:03:27'),(1330,'admin','admin','[类名]:com.gray.gray.controller.ApplicationController,[方法]:edit,[参数]:name=P2P网关&applicationId=paygent&upstream=paygent&param=name&organizationId=8&active=nginx&strategy_nginx=1&strategy_dubbo=1&nginx_gray=server 127.0.0.1:81;&nginx_deploy=server 127.0.0.1:82;server 127.0.0.1:83;&gray_dubbo=192.168.91.1:20880&deploy_dubbo=192.168.91.1:20881&nginxs=192.168.237.208:80&remark=&id=1&oldApplicationId=paygent&','127.0.0.1','2017-04-11 11:04:33'),(1331,'admin','admin','[类名]:com.gray.gray.controller.ApplicationController,[方法]:editPage,[参数]:id=1&_=1491457079980&','127.0.0.1','2017-04-11 11:08:04'),(1332,'admin','admin','[类名]:com.gray.gray.controller.ApplicationController,[方法]:edit,[参数]:name=P2P网关&applicationId=paygent&upstream=paygent&param=name&organizationId=8&active=nginx&strategy_nginx=1&strategy_dubbo=1&gray_nginx=server 127.0.0.1:81;&deploy_nginx=server 127.0.0.1:82;server 127.0.0.1:83;&gray_dubbo=192.168.91.1:20880&deploy_dubbo=192.168.91.1:20881&nginxs=192.168.237.208:80&remark=&id=1&oldApplicationId=paygent&','127.0.0.1','2017-04-11 11:08:12'),(1333,'admin','admin','[类名]:com.gray.gray.controller.ApplicationController,[方法]:editPage,[参数]:id=1&_=1491457079981&','127.0.0.1','2017-04-11 11:08:14'),(1334,'admin','admin','[类名]:com.gray.gray.controller.ApplicationController,[方法]:edit,[参数]:name=P2P网关&applicationId=paygent&upstream=paygent&param=name&organizationId=8&active=nginx&strategy_nginx=1&strategy_dubbo=1&gray_nginx=server 127.0.0.1:81;&deploy_nginx=server 127.0.0.1:82;server 127.0.0.1:83;&gray_dubbo=192.168.91.1:20880&deploy_dubbo=192.168.91.1:20881;192.168.91.1:20882&nginxs=192.168.237.208:80&remark=&id=1&oldApplicationId=paygent&','127.0.0.1','2017-04-11 11:08:21'),(1335,'admin','admin','[类名]:com.gray.gray.controller.ApplicationController,[方法]:editPage,[参数]:id=1&_=1491457079982&','127.0.0.1','2017-04-11 11:08:23'),(1336,'admin','admin','[类名]:com.gray.gray.controller.ApplicationController,[方法]:addPage,[参数]:',NULL,'2017-04-11 11:08:34'),(1337,'admin','admin','[类名]:com.gray.gray.controller.ApplicationController,[方法]:add,[参数]:name=1&applicationId=1&upstream=1&param=1&organizationId=8&strategy_nginx=2&nginx_gray=111&nginx_deploy=111&nginxs=11111&remark=&status=0&','127.0.0.1','2017-04-11 11:08:56'),(1338,'admin','admin','[类名]:com.gray.gray.controller.ApplicationController,[方法]:add,[参数]:name=111&applicationId=1111&upstream=1&param=1&organizationId=8&strategy_nginx=2&nginx_gray=111&nginx_deploy=111&nginxs=11111&remark=&status=0&','127.0.0.1','2017-04-11 11:09:02'),(1339,'admin','admin','[类名]:com.gray.gray.controller.ApplicationController,[方法]:add,[参数]:name=111&applicationId=1111&upstream=111&param=111&organizationId=8&strategy_nginx=2&nginx_gray=111&nginx_deploy=111&nginxs=11111&remark=&status=0&','127.0.0.1','2017-04-11 11:09:10'),(1340,'admin','admin','[类名]:com.gray.gray.controller.ApplicationController,[方法]:addPage,[参数]:',NULL,'2017-04-11 11:10:59'),(1341,'admin','admin','[类名]:com.gray.gray.controller.ApplicationController,[方法]:add,[参数]:name=222&applicationId=2222&upstream=222&param=222&organizationId=8&strategy_nginx=1&nginx_gray=222&nginx_deploy=222222&nginxs=2222&remark=&status=0&','127.0.0.1','2017-04-11 11:11:19'),(1342,'admin','admin','[类名]:com.gray.gray.controller.ApplicationController,[方法]:editPage,[参数]:id=19&_=1491457079985&','127.0.0.1','2017-04-11 11:11:29'),(1343,'admin','admin','[类名]:com.gray.gray.controller.ApplicationController,[方法]:editPage,[参数]:id=19&_=1491457079986&','127.0.0.1','2017-04-11 11:11:52'),(1344,'admin','admin','[类名]:com.gray.gray.controller.ApplicationController,[方法]:edit,[参数]:name=222&applicationId=2222&upstream=222&param=222&organizationId=8&active=nginx&strategy_nginx=1&gray_nginx=111&deploy_nginx=111&nginxs=1010101001:80&remark=&id=19&oldApplicationId=2222&','127.0.0.1','2017-04-11 11:12:08'),(1345,'admin','admin','[类名]:com.gray.gray.controller.ApplicationController,[方法]:editPage,[参数]:id=19&_=1491457079987&','127.0.0.1','2017-04-11 11:12:11'),(1346,'admin','admin','[类名]:com.gray.gray.controller.ApplicationServiceController,[方法]:editPage,[参数]:id=5&_=1491457079992&','127.0.0.1','2017-04-11 11:31:08'),(1347,'admin','admin','[类名]:com.gray.gray.controller.ApplicationController,[方法]:editPage,[参数]:id=1&_=1491457079994&','127.0.0.1','2017-04-11 11:32:31'),(1348,'admin','admin','[类名]:com.gray.gray.controller.ApplicationServiceController,[方法]:editPage,[参数]:id=5&_=1491457079999&','127.0.0.1','2017-04-11 14:52:12'),(1349,'admin','admin','[类名]:com.gray.gray.controller.StrategyManagerController,[方法]:editPage,[参数]:id=2&_=1491457080001&','127.0.0.1','2017-04-11 15:00:31'),(1350,'admin','admin','[类名]:com.gray.gray.controller.StrategyManagerController,[方法]:edit,[参数]:name=测试策略【正则】&status=1&way=&forwardReverse=1&regular=^zhang&flowTatio=1122&remark=用于任意字母的正则表达式&id=2&oldname=测试策略【正则】&','127.0.0.1','2017-04-11 15:00:39'),(1351,'admin','admin','[类名]:com.gray.gray.controller.ApplicationController,[方法]:editPage,[参数]:id=1&_=1491457080003&','127.0.0.1','2017-04-12 10:47:01'),(1352,'admin','admin','[类名]:com.gray.gray.controller.ApplicationController,[方法]:addPage,[参数]:',NULL,'2017-04-14 13:24:57'),(1353,'admin','admin','[类名]:com.gray.gray.controller.ApplicationController,[方法]:addPage,[参数]:',NULL,'2017-04-14 17:04:43'),(1354,'admin','admin','[类名]:com.gray.gray.controller.ApplicationController,[方法]:addPage,[参数]:',NULL,'2017-04-14 17:06:23'),(1355,'admin','admin','[类名]:com.gray.gray.controller.ApplicationController,[方法]:addPage,[参数]:',NULL,'2017-04-14 17:06:53'),(1356,'admin','admin','[类名]:com.gray.gray.controller.ApplicationController,[方法]:addPage,[参数]:',NULL,'2017-04-14 17:07:29'),(1357,'admin','admin','[类名]:com.gray.gray.controller.ApplicationController,[方法]:addPage,[参数]:',NULL,'2017-04-14 17:10:39'),(1358,'admin','admin','[类名]:com.gray.gray.controller.ApplicationController,[方法]:editPage,[参数]:id=1&_=1492160843246&','127.0.0.1','2017-04-14 17:11:28'),(1359,'admin','admin','[类名]:com.gray.gray.controller.ApplicationController,[方法]:editPage,[参数]:id=1&_=1492160843247&','127.0.0.1','2017-04-14 17:13:36'),(1360,'admin','admin','[类名]:com.gray.gray.controller.ApplicationController,[方法]:addPage,[参数]:',NULL,'2017-04-14 17:14:32'),(1361,'admin','admin','[类名]:com.gray.gray.controller.ApplicationController,[方法]:editPage,[参数]:id=1&_=1492160843251&','127.0.0.1','2017-04-14 17:54:52'),(1362,'admin','admin','[类名]:com.gray.gray.controller.ApplicationServiceController,[方法]:editPage,[参数]:id=5&_=1492160843253&','127.0.0.1','2017-04-14 17:55:26'),(1363,'admin','admin','[类名]:com.gray.gray.controller.ApplicationServiceController,[方法]:editPage,[参数]:id=5&_=1492160843254&','127.0.0.1','2017-04-14 17:55:50'),(1364,'admin','admin','[类名]:com.gray.sys.controller.LoginController,[方法]:logout,[参数]:',NULL,'2017-04-14 17:59:18'),(1365,'admin','admin','[类名]:com.xlz.sys.controller.OrganizationController,[方法]:addPage,[参数]:',NULL,'2017-04-14 18:57:03'),(1366,'admin','admin','[类名]:com.xlz.sys.controller.OrganizationController,[方法]:editPage,[参数]:id=1&_=1492167295032&','127.0.0.1','2017-04-14 18:57:17'),(1367,'admin','admin','[类名]:com.xlz.sys.controller.OrganizationController,[方法]:addPage,[参数]:',NULL,'2017-04-17 09:47:58'),(1368,'admin','admin','[类名]:com.xlz.sys.controller.OrganizationController,[方法]:add,[参数]:code=111&name=111&seq=0&icon=fi-folder&address=111&pid=1&','127.0.0.1','2017-04-17 09:48:07'),(1369,'admin','admin','[类名]:com.xlz.sys.controller.OrganizationController,[方法]:editPage,[参数]:id=9&_=1492167295040&','127.0.0.1','2017-04-17 09:48:12'),(1370,'admin','admin','[类名]:com.xlz.sys.controller.OrganizationController,[方法]:edit,[参数]:id=9&code=222&name=111&seq=0&icon=fi-folder&address=111&pid=1&','127.0.0.1','2017-04-17 09:48:15'),(1371,'admin','admin','[类名]:com.xlz.sys.controller.OrganizationController,[方法]:editPage,[参数]:id=9&_=1492167295041&','127.0.0.1','2017-04-17 09:48:22'),(1372,'admin','admin','[类名]:com.xlz.sys.controller.OrganizationController,[方法]:delete,[参数]:id=9&','127.0.0.1','2017-04-17 09:48:27'),(1373,'admin','admin','[类名]:com.xlz.admin.controller.RoleController,[方法]:editPage,[参数]:id=1&_=1492407677187&','127.0.0.1','2017-04-17 13:49:56'),(1374,'admin','admin','[类名]:com.xlz.admin.controller.LoginController,[方法]:logout,[参数]:',NULL,'2017-04-17 13:54:41'),(1375,'admin','admin','[类名]:com.xlz.admin.controller.UserController,[方法]:editPage,[参数]:id=1&_=1492408487282&','127.0.0.1','2017-04-17 14:41:44'),(1376,'admin','admin','[类名]:com.xlz.admin.controller.UserController,[方法]:editPage,[参数]:id=1&_=1492408487283&','127.0.0.1','2017-04-17 14:41:51'),(1377,'admin','admin','[类名]:com.xlz.admin.controller.ResourceController,[方法]:addPage,[参数]:',NULL,'2017-04-17 14:43:51'),(1378,'admin','admin','[类名]:com.xlz.admin.controller.ResourceController,[方法]:add,[参数]:name=11&resourceType=0&url=&openMode=ajax&icon=&seq=0&status=0&opened=0&pid=230&','127.0.0.1','2017-04-17 14:43:57'),(1379,'admin','admin','[类名]:com.xlz.admin.controller.ResourceController,[方法]:editPage,[参数]:id=282&_=1492408487292&','127.0.0.1','2017-04-17 14:44:01'),(1380,'admin','admin','[类名]:com.xlz.admin.controller.ResourceController,[方法]:edit,[参数]:id=282&name=22&resourceType=0&url=&openMode=&icon=222&seq=0&status=0&opened=0&pid=230&','127.0.0.1','2017-04-17 14:44:05'),(1381,'admin','admin','[类名]:com.xlz.admin.controller.ResourceController,[方法]:editPage,[参数]:id=230&_=1492408487293&','127.0.0.1','2017-04-17 14:44:08'),(1382,'admin','admin','[类名]:com.xlz.admin.controller.ResourceController,[方法]:editPage,[参数]:id=282&_=1492408487294&','127.0.0.1','2017-04-17 14:44:10'),(1383,'admin','admin','[类名]:com.xlz.admin.controller.ResourceController,[方法]:delete,[参数]:id=282&','127.0.0.1','2017-04-17 14:44:15'),(1384,'admin','admin','[类名]:com.xlz.admin.controller.RoleController,[方法]:addPage,[参数]:',NULL,'2017-04-17 14:44:29'),(1385,'admin','admin','[类名]:com.xlz.admin.controller.RoleController,[方法]:add,[参数]:name=111&seq=0&status=0&description=111&','127.0.0.1','2017-04-17 14:44:33'),(1386,'admin','admin','[类名]:com.xlz.admin.controller.RoleController,[方法]:editPage,[参数]:id=9&_=1492408487297&','127.0.0.1','2017-04-17 14:44:35'),(1387,'admin','admin','[类名]:com.xlz.admin.controller.RoleController,[方法]:edit,[参数]:id=9&name=222&seq=0&status=0&description=111&','127.0.0.1','2017-04-17 14:44:37'),(1388,'admin','admin','[类名]:com.xlz.admin.controller.RoleController,[方法]:delete,[参数]:id=9&','127.0.0.1','2017-04-17 14:44:40'),(1389,'admin','admin','[类名]:com.xlz.admin.controller.UserController,[方法]:addPage,[参数]:',NULL,'2017-04-17 14:44:46'),(1390,'admin','admin','[类名]:com.xlz.admin.controller.UserController,[方法]:addPage,[参数]:',NULL,'2017-04-17 14:44:51'),(1391,'admin','admin','[类名]:com.xlz.admin.controller.UserController,[方法]:add,[参数]:loginName=222&name=2222&password=2222&sex=0&age=&userType=1&organizationId=1&roleIds=1&phone=222&status=0&','127.0.0.1','2017-04-17 14:45:08'),(1392,'admin','admin','[类名]:com.xlz.admin.controller.UserController,[方法]:add,[参数]:loginName=22222&name=222222&password=2222&sex=0&age=&userType=1&organizationId=1&roleIds=1&phone=222&status=0&','127.0.0.1','2017-04-17 14:45:13'),(1393,'admin','admin','[类名]:com.xlz.admin.controller.OrganizationController,[方法]:addPage,[参数]:',NULL,'2017-04-17 14:45:44'),(1394,'admin','admin','[类名]:com.xlz.admin.controller.OrganizationController,[方法]:add,[参数]:code=222&name=222&seq=0&icon=fi-folder&address=222&pid=1&','127.0.0.1','2017-04-17 14:45:52'),(1395,'admin','admin','[类名]:com.xlz.admin.controller.OrganizationController,[方法]:editPage,[参数]:id=10&_=1492408487302&','127.0.0.1','2017-04-17 14:45:55'),(1396,'admin','admin','[类名]:com.xlz.admin.controller.OrganizationController,[方法]:edit,[参数]:id=10&code=111&name=1111&seq=0&icon=fi-folder&address=111&pid=1&','127.0.0.1','2017-04-17 14:46:00'),(1397,'admin','admin','[类名]:com.xlz.admin.controller.OrganizationController,[方法]:delete,[参数]:id=10&','127.0.0.1','2017-04-17 14:46:04'),(1398,'admin','admin','[类名]:com.xlz.admin.controller.UserController,[方法]:addPage,[参数]:',NULL,'2017-04-17 14:46:10'),(1399,'admin','admin','[类名]:com.xlz.admin.controller.LoginController,[方法]:logout,[参数]:',NULL,'2017-04-17 15:00:18'),(1400,'admin','admin','[类名]:com.xlz.admin.controller.OrganizationController,[方法]:addPage,[参数]:',NULL,'2017-04-17 15:04:26'),(1401,'admin','admin','[类名]:com.xlz.admin.controller.OrganizationController,[方法]:editPage,[参数]:id=7&_=1492412643997&','127.0.0.1','2017-04-17 15:04:29'),(1402,'admin','admin','[类名]:com.xlz.admin.controller.UserController,[方法]:addPage,[参数]:',NULL,'2017-04-17 15:04:37'),(1403,'admin','admin','[类名]:com.xlz.admin.controller.UserController,[方法]:editPage,[参数]:id=13&_=1492412644000&','127.0.0.1','2017-04-17 15:04:39'),(1404,'admin','admin','[类名]:com.xlz.admin.controller.RoleController,[方法]:editPage,[参数]:id=1&_=1492412644002&','127.0.0.1','2017-04-17 15:04:46'),(1405,'admin','admin','[类名]:com.xlz.admin.controller.RoleController,[方法]:grantPage,[参数]:id=1&_=1492412644003&','127.0.0.1','2017-04-17 15:04:49'),(1406,'admin','admin','[类名]:com.xlz.admin.controller.RoleController,[方法]:addPage,[参数]:',NULL,'2017-04-17 15:04:52'),(1407,'admin','admin','[类名]:com.xlz.admin.controller.ResourceController,[方法]:addPage,[参数]:',NULL,'2017-04-17 15:04:56'),(1408,'admin','admin','[类名]:com.xlz.admin.controller.ResourceController,[方法]:editPage,[参数]:id=230&_=1492412644007&','127.0.0.1','2017-04-17 15:04:59'),(1409,'admin','admin','[类名]:com.xlz.admin.controller.UserController,[方法]:addPage,[参数]:',NULL,'2017-04-17 15:05:04'),(1410,'admin','admin','[类名]:com.xlz.admin.controller.UserController,[方法]:addPage,[参数]:',NULL,'2017-04-17 15:13:26'),(1411,'admin','admin','[类名]:com.xlz.admin.controller.UserController,[方法]:add,[参数]:loginName=1&name=1&password=admin&sex=0&age=1&userType=1&organizationId=1&roleIds=1&phone=1&status=0&','127.0.0.1','2017-04-17 15:13:41'),(1412,'admin','admin','[类名]:com.xlz.admin.controller.UserController,[方法]:editPage,[参数]:id=16&_=1492412644011&','127.0.0.1','2017-04-17 15:13:44'),(1413,'admin','admin','[类名]:com.xlz.admin.controller.UserController,[方法]:edit,[参数]:id=16&loginName=admin&name=1&password=&sex=0&age=1&userType=1&organizationId=1&roleIds=1&phone=1&status=0&','127.0.0.1','2017-04-17 15:13:53'),(1414,'admin','admin','[类名]:com.xlz.admin.controller.UserController,[方法]:edit,[参数]:id=16&loginName=12&name=1&password=&sex=0&age=1&userType=1&organizationId=1&roleIds=1&phone=1&status=0&','127.0.0.1','2017-04-17 15:13:57'),(1415,'admin','admin','[类名]:com.xlz.admin.controller.UserController,[方法]:delete,[参数]:id=16&','127.0.0.1','2017-04-17 15:14:00'),(1416,'admin','admin','[类名]:com.xlz.admin.controller.LoginController,[方法]:login,[参数]:',NULL,'2017-04-18 17:04:21'),(1417,'admin','admin','[类名]:com.xlz.admin.controller.LoginController,[方法]:loginPost,[参数]:_csrf=5c39e420-9549-47de-8142-f26a00290679&username=admin&password=admin&captcha=8mxx&rememberMe=1&','127.0.0.1','2017-04-18 17:04:30'),(1418,'admin','admin','[类名]:com.xlz.gray.controller.ApplicationController,[方法]:addPage,[参数]:',NULL,'2017-04-18 19:44:17'),(1419,'admin','admin','[类名]:com.xlz.admin.controller.ResourceController,[方法]:addPage,[参数]:',NULL,'2017-04-18 19:44:48');

/*Table structure for table `admin_user` */

DROP TABLE IF EXISTS `admin_user`;

CREATE TABLE `admin_user` (
  `id` bigint(19) NOT NULL AUTO_INCREMENT COMMENT '主键id',
  `login_name` varchar(64) NOT NULL COMMENT '登陆名',
  `name` varchar(64) NOT NULL COMMENT '用户名',
  `password` varchar(64) NOT NULL COMMENT '密码',
  `sex` tinyint(2) NOT NULL DEFAULT '0' COMMENT '性别',
  `age` tinyint(2) DEFAULT '0' COMMENT '年龄',
  `phone` varchar(20) DEFAULT NULL COMMENT '手机号',
  `user_type` tinyint(2) NOT NULL DEFAULT '0' COMMENT '用户类别',
  `status` tinyint(2) NOT NULL DEFAULT '0' COMMENT '用户状态',
  `organization_id` int(11) NOT NULL DEFAULT '0' COMMENT '所属机构',
  `create_time` datetime NOT NULL COMMENT '创建时间',
  PRIMARY KEY (`id`)
) ENGINE=InnoDB AUTO_INCREMENT=17 DEFAULT CHARSET=utf8 COMMENT='用户';

/*Data for the table `admin_user` */

insert  into `admin_user`(`id`,`login_name`,`name`,`password`,`sex`,`age`,`phone`,`user_type`,`status`,`organization_id`,`create_time`) values (1,'admin','admin','21232f297a57a5a743894a0e4a801fc3',0,25,'18707173376',0,0,1,'2015-12-06 13:14:05'),(13,'snoopy','snoopy','098f6bcd4621d373cade4e832627b4f6',0,25,'18707173376',1,0,3,'2015-10-01 13:12:07'),(14,'dreamlu','dreamlu','098f6bcd4621d373cade4e832627b4f6',0,25,'18707173376',1,0,5,'2015-10-11 23:12:58'),(15,'test','test','098f6bcd4621d373cade4e832627b4f6',0,25,'18707173376',1,0,6,'2015-12-06 13:13:03');

/*Table structure for table `admin_user_role` */

DROP TABLE IF EXISTS `admin_user_role`;

CREATE TABLE `admin_user_role` (
  `id` bigint(19) NOT NULL AUTO_INCREMENT COMMENT '主键id',
  `user_id` bigint(19) NOT NULL COMMENT '用户id',
  `role_id` bigint(19) NOT NULL COMMENT '角色id',
  PRIMARY KEY (`id`)
) ENGINE=InnoDB AUTO_INCREMENT=68 DEFAULT CHARSET=utf8 COMMENT='用户角色';

/*Data for the table `admin_user_role` */

insert  into `admin_user_role`(`id`,`user_id`,`role_id`) values (53,15,8),(60,1,1),(61,1,2),(62,1,7),(63,13,2),(64,14,7),(65,1,8);

/*Table structure for table `gray_application` */

DROP TABLE IF EXISTS `gray_application`;

CREATE TABLE `gray_application` (
  `id` int(11) NOT NULL AUTO_INCREMENT COMMENT 'id',
  `name` varchar(100) DEFAULT NULL COMMENT '名称',
  `application_id` varchar(100) DEFAULT NULL COMMENT 'application_id',
  `gray_ip` varchar(100) DEFAULT NULL COMMENT '可以制定多台机器作为灰度机，多个机器用;区分，区间制定用-隔开',
  `deploy_ip` varchar(500) DEFAULT NULL COMMENT '线上部署应用的ip',
  `remark` varchar(200) DEFAULT NULL COMMENT '可以按照用户特征等将其分组',
  `status` int(11) DEFAULT NULL COMMENT '1开启，0关闭',
  `create_time` datetime DEFAULT NULL COMMENT '创建时间',
  `create_user` varchar(50) DEFAULT NULL COMMENT '创建人',
  `update_time` datetime DEFAULT NULL COMMENT '修改时间',
  `update_user` varchar(50) DEFAULT NULL COMMENT '修改人',
  `param` varchar(100) DEFAULT NULL COMMENT '灰度参数',
  `organization_id` int(11) DEFAULT NULL COMMENT '部门id',
  PRIMARY KEY (`id`),
  UNIQUE KEY `system_id` (`application_id`)
) ENGINE=InnoDB AUTO_INCREMENT=20 DEFAULT CHARSET=utf8 COMMENT='被灰度系统管理';

/*Data for the table `gray_application` */

insert  into `gray_application`(`id`,`name`,`application_id`,`gray_ip`,`deploy_ip`,`remark`,`status`,`create_time`,`create_user`,`update_time`,`update_user`,`param`,`organization_id`) values (1,'P2P网关','paygent','server 127.0.0.1:81;','server 127.0.0.1:82;server 127.0.0.1:83;','',1,'2017-03-09 17:00:00','zhangll','2017-04-11 15:13:13','admin','name',8),(15,'管理系统','jira','111','1111','',0,'2017-03-21 18:44:55','admin','2017-03-23 19:32:47','admin','11111',5),(16,'P2P交易','tradecore','1','1','',1,'2017-03-23 16:50:38','admin','2017-04-06 11:17:08','admin','userNo',7);

/*Table structure for table `gray_application_business` */

DROP TABLE IF EXISTS `gray_application_business`;

CREATE TABLE `gray_application_business` (
  `id` int(11) NOT NULL AUTO_INCREMENT COMMENT 'id',
  `name` varchar(100) DEFAULT NULL COMMENT '名称',
  `type` varchar(10) DEFAULT NULL COMMENT 'http，dubbo,threft',
  `version` varchar(100) DEFAULT NULL COMMENT 'version',
  `remark` varchar(200) DEFAULT NULL COMMENT '可以按照用户特征等将其分组',
  `status` int(11) DEFAULT NULL COMMENT '1可用，0不可用',
  `create_time` datetime DEFAULT NULL COMMENT '创建时间',
  `create_user` varchar(50) DEFAULT NULL COMMENT '创建人',
  `update_time` datetime DEFAULT NULL COMMENT '修改时间',
  `update_user` varchar(50) DEFAULT NULL COMMENT '修改人',
  PRIMARY KEY (`id`)
) ENGINE=InnoDB DEFAULT CHARSET=utf8 COMMENT='dubbo服务对应的consumer的系统，按照业务线\n';

/*Data for the table `gray_application_business` */

/*Table structure for table `gray_application_instance` */

DROP TABLE IF EXISTS `gray_application_instance`;

CREATE TABLE `gray_application_instance` (
  `id` int(11) NOT NULL AUTO_INCREMENT COMMENT 'id',
  `application_id` varchar(100) DEFAULT NULL COMMENT 'application_id',
  `type` varchar(30) DEFAULT NULL COMMENT '类型',
  `gray_instance` varchar(100) DEFAULT NULL COMMENT '可以制定多台机器作为灰度机，多个机器用;区分，区间制定用-隔开',
  `deploy_instance` varchar(500) DEFAULT NULL COMMENT '线上部署应用的ip',
  `remark` varchar(200) DEFAULT NULL COMMENT '可以按照用户特征等将其分组',
  `status` int(11) DEFAULT NULL COMMENT '1正常，0停用',
  `create_time` datetime DEFAULT NULL COMMENT '创建时间',
  `create_user` varchar(50) DEFAULT NULL COMMENT '创建人',
  `update_time` datetime DEFAULT NULL COMMENT '修改时间',
  `update_user` varchar(50) DEFAULT NULL COMMENT '修改人',
  PRIMARY KEY (`id`),
  UNIQUE KEY `system_id` (`application_id`,`type`),
  UNIQUE KEY `application_id` (`application_id`,`type`)
) ENGINE=InnoDB AUTO_INCREMENT=5 DEFAULT CHARSET=utf8 COMMENT='灰度情况下应用实例配置';

/*Data for the table `gray_application_instance` */

insert  into `gray_application_instance`(`id`,`application_id`,`type`,`gray_instance`,`deploy_instance`,`remark`,`status`,`create_time`,`create_user`,`update_time`,`update_user`) values (1,'1','dubbo','192.168.91.1:20880','192.168.91.1:20881;192.168.91.1:20882',NULL,1,'2017-04-06 12:50:11','zhangll',NULL,NULL),(2,'1','nginx','server 127.0.0.1:81;','server 127.0.0.1:82;server 127.0.0.1:83;',NULL,1,'2017-04-06 12:50:11','zhangll',NULL,NULL);

/*Table structure for table `gray_application_nginx` */

DROP TABLE IF EXISTS `gray_application_nginx`;

CREATE TABLE `gray_application_nginx` (
  `id` int(11) NOT NULL AUTO_INCREMENT COMMENT 'id',
  `ip` varchar(100) DEFAULT NULL COMMENT 'ip',
  `port` varchar(100) DEFAULT NULL COMMENT 'port',
  `remark` varchar(200) DEFAULT NULL COMMENT '可以按照用户特征等将其分组',
  `status` int(11) DEFAULT NULL COMMENT '1开启，0关闭',
  `create_time` datetime DEFAULT NULL COMMENT '创建时间',
  `create_user` varchar(50) DEFAULT NULL COMMENT '创建人',
  `update_time` datetime DEFAULT NULL COMMENT '修改时间',
  `update_user` varchar(50) DEFAULT NULL COMMENT '修改人',
  `application_id` int(11) DEFAULT NULL COMMENT '所属系统',
  PRIMARY KEY (`id`),
  UNIQUE KEY `ip` (`ip`)
) ENGINE=InnoDB AUTO_INCREMENT=11 DEFAULT CHARSET=utf8 COMMENT='被灰度系统所有的nginx';

/*Data for the table `gray_application_nginx` */

insert  into `gray_application_nginx`(`id`,`ip`,`port`,`remark`,`status`,`create_time`,`create_user`,`update_time`,`update_user`,`application_id`) values (6,'100.72.22.14','8080',NULL,1,'2017-03-17 16:53:28',NULL,NULL,NULL,3),(8,'100.72.22.12','8080',NULL,1,'2017-03-17 16:55:01',NULL,NULL,NULL,3),(9,'192.168.237.208','80',NULL,1,'2017-03-17 16:55:01',NULL,'2017-04-11 15:13:14','admin',1);

/*Table structure for table `gray_application_service` */

DROP TABLE IF EXISTS `gray_application_service`;

CREATE TABLE `gray_application_service` (
  `id` int(11) NOT NULL AUTO_INCREMENT COMMENT 'id',
  `name` varchar(100) DEFAULT NULL COMMENT '名称',
  `type` varchar(30) DEFAULT NULL COMMENT 'http，dubbo,threft',
  `version` varchar(100) DEFAULT NULL COMMENT 'version',
  `application_id` int(11) DEFAULT NULL COMMENT '被灰度系统Id',
  `param` varchar(100) DEFAULT NULL COMMENT '默认为userNo',
  `remark` varchar(200) DEFAULT NULL COMMENT '可以按照用户特征等将其分组',
  `status` int(11) DEFAULT NULL COMMENT '1可用，0不可用',
  `create_time` datetime DEFAULT NULL COMMENT '创建时间',
  `create_user` varchar(50) DEFAULT NULL COMMENT '创建人',
  `update_time` datetime DEFAULT NULL COMMENT '修改时间',
  `update_user` varchar(50) DEFAULT NULL COMMENT '修改人',
  PRIMARY KEY (`id`),
  UNIQUE KEY `name` (`name`,`application_id`)
) ENGINE=InnoDB AUTO_INCREMENT=6 DEFAULT CHARSET=utf8 COMMENT='每个系统对外提供的服务有http、dubbo等类型，系统在灰度的时候如果是lua只拉取http类型对应的接口，dubbo';

/*Data for the table `gray_application_service` */

insert  into `gray_application_service`(`id`,`name`,`type`,`version`,`application_id`,`param`,`remark`,`status`,`create_time`,`create_user`,`update_time`,`update_user`) values (1,'/userNo.html','nginx','1.0',1,'userNo','11',1,'2017-03-09 17:00:00','zhangll','2017-04-11 15:13:13','admin'),(3,'/userNo1.html','nginx','1',1,'userNo','',1,'2017-03-27 13:29:20','admin','2017-04-11 15:13:13',NULL),(4,'/xiaoliuliang.html','nginx','1.0',1,'userNo','',1,'2017-03-27 13:47:24','admin','2017-04-11 15:13:13',NULL),(5,'com.alibaba.dubbo.demo.DemoService.sayHello','dubbo','1.0',1,'name','',1,'2017-04-10 16:52:30','admin','2017-04-11 15:13:13',NULL);

/*Table structure for table `gray_application_strategy` */

DROP TABLE IF EXISTS `gray_application_strategy`;

CREATE TABLE `gray_application_strategy` (
  `id` int(11) NOT NULL AUTO_INCREMENT COMMENT 'id',
  `link_id` int(11) DEFAULT NULL COMMENT '1为用户号，2为用户名，3为电话号码',
  `strategy_id` int(11) DEFAULT NULL COMMENT 'strategy_id',
  `type` varchar(30) DEFAULT NULL COMMENT '类型',
  `level` varchar(30) DEFAULT NULL COMMENT '1系统级，2服务级',
  `status` int(11) DEFAULT NULL COMMENT '是否可用，0否1是',
  PRIMARY KEY (`id`),
  KEY `link_id` (`link_id`,`strategy_id`,`type`,`level`)
) ENGINE=InnoDB AUTO_INCREMENT=36 DEFAULT CHARSET=utf8 COMMENT='系统绑定的策略';

/*Data for the table `gray_application_strategy` */

insert  into `gray_application_strategy`(`id`,`link_id`,`strategy_id`,`type`,`level`,`status`) values (9,14,2,'nginx','application',1),(10,14,2,'dubbo','application',1),(13,1,1,'nginx','service',1),(21,16,2,'nginx','application',0),(24,15,1,'nginx','application',1),(25,15,2,'dubbo','application',1),(26,1,1,'nginx','application',1),(27,1,1,'dubbo','application',1),(31,16,1,'dubbo','application',1),(32,3,2,'nginx','service',1),(33,4,3,'nginx','service',1),(34,5,2,'dubbo','service',1);

/*Table structure for table `gray_application_white_list` */

DROP TABLE IF EXISTS `gray_application_white_list`;

CREATE TABLE `gray_application_white_list` (
  `id` int(11) NOT NULL AUTO_INCREMENT COMMENT 'id',
  `white_list_id` int(11) DEFAULT NULL COMMENT '1为用户号，2为用户名，3为电话号码',
  `link_id` int(11) DEFAULT NULL COMMENT '服务或者系统id',
  `level` varchar(30) DEFAULT NULL COMMENT '1系统2服务',
  `status` int(11) DEFAULT NULL COMMENT '是否可用，0否1是',
  PRIMARY KEY (`id`)
) ENGINE=InnoDB AUTO_INCREMENT=32 DEFAULT CHARSET=utf8 COMMENT='如果是需要白名单策略进行灰度的需要绑定白名单\n多对多关系';

/*Data for the table `gray_application_white_list` */

insert  into `gray_application_white_list`(`id`,`white_list_id`,`link_id`,`level`,`status`) values (1,1,1,'application',1),(10,1,14,'application',1),(19,1,1,'service',1),(20,2,1,'application',1),(24,2,1,'service',0),(25,2,16,'application',0),(26,4,1,'service',1),(27,4,1,'application',1),(28,9,1,'application',1),(29,10,1,'application',0),(30,11,1,'application',1),(31,11,5,'service',1);

/*Table structure for table `gray_strategy` */

DROP TABLE IF EXISTS `gray_strategy`;

CREATE TABLE `gray_strategy` (
  `id` int(11) NOT NULL AUTO_INCREMENT COMMENT 'id',
  `name` varchar(100) DEFAULT NULL COMMENT '策略名称',
  `forward_reverse` int(11) DEFAULT NULL COMMENT '1整，-1反，比如在不在白名单中',
  `flow_tatio` int(11) DEFAULT NULL COMMENT '小流量比例',
  `remark` varchar(200) DEFAULT NULL COMMENT '可以按照用户特征等将其分组',
  `status` int(11) DEFAULT NULL COMMENT '1可用，0不可用',
  `create_time` datetime DEFAULT NULL COMMENT '创建时间',
  `create_user` varchar(50) DEFAULT NULL COMMENT '创建人',
  `update_time` datetime DEFAULT NULL COMMENT '修改时间',
  `update_user` varchar(50) DEFAULT NULL COMMENT '修改人',
  `regular` varchar(200) DEFAULT NULL COMMENT '正则表达式',
  `way` varchar(30) DEFAULT NULL COMMENT '策略方式：1为白名单，2小流量，3为ip段策略，4权重，5业务进行灰度，6正则表达式',
  PRIMARY KEY (`id`)
) ENGINE=InnoDB AUTO_INCREMENT=4 DEFAULT CHARSET=utf8 COMMENT='灰度策略管理';

/*Data for the table `gray_strategy` */

insert  into `gray_strategy`(`id`,`name`,`forward_reverse`,`flow_tatio`,`remark`,`status`,`create_time`,`create_user`,`update_time`,`update_user`,`regular`,`way`) values (1,'测试策略【白名单】',1,1,'白名单测试策略',1,'2017-03-09 17:00:00','zhangll',NULL,NULL,NULL,'whitelist'),(2,'测试策略【正则】',1,1122,'用于任意字母的正则表达式',1,NULL,'admin','2017-04-11 15:00:39','admin','^zhang','regular'),(3,'测试策略【小流量】',0,10,'',1,'2017-03-27 13:46:14','admin',NULL,NULL,'11','flowTatio');

/*Table structure for table `gray_white_list` */

DROP TABLE IF EXISTS `gray_white_list`;

CREATE TABLE `gray_white_list` (
  `id` int(11) NOT NULL AUTO_INCREMENT COMMENT 'id',
  `param` varchar(200) DEFAULT NULL COMMENT '1为用户号，2为用户名，3为电话号码\n            json格式存储，kv',
  `group_id` int(11) DEFAULT NULL COMMENT '白名单分组',
  `remark` varchar(200) DEFAULT NULL COMMENT '备注',
  `status` int(11) DEFAULT NULL COMMENT '1可用，0不可用',
  `create_time` datetime DEFAULT NULL COMMENT '创建时间',
  `create_user` varchar(50) DEFAULT NULL COMMENT '创建人',
  `update_time` datetime DEFAULT NULL COMMENT '修改时间',
  `update_user` varchar(50) DEFAULT NULL COMMENT '修改人',
  PRIMARY KEY (`id`)
) ENGINE=InnoDB AUTO_INCREMENT=12 DEFAULT CHARSET=utf8 COMMENT='控制灰度发布的白名单池子';

/*Data for the table `gray_white_list` */

insert  into `gray_white_list`(`id`,`param`,`group_id`,`remark`,`status`,`create_time`,`create_user`,`update_time`,`update_user`) values (1,'{\"userNo\":\"t000001\"}',2,'',1,'2017-03-09 17:31:00','zhangsan','2017-03-20 13:18:16','admin'),(2,'{\"userNo\":\"t000002\"}',1,'',-1,'2017-03-09 17:31:00','lisi','2017-03-23 12:48:05','admin'),(4,'{\"userNo\":\"t000003\",\"phone\":\"13488889999\"}',2,'就这么定了',1,NULL,'admin','2017-03-21 15:39:01','admin'),(6,'{\"userNo\":\"t000009\"}',1,'{&quot;userNo&quot;:&quot;t000009&quot;}',1,NULL,'admin','2017-03-21 15:38:49','admin'),(9,'{\"name\":\"zhangsan\"}',2,'1111',1,NULL,'admin','2017-04-10 15:13:41','admin'),(10,'{\"name\":\"lisi\"}',1,'',1,NULL,'admin',NULL,NULL),(11,'{\"name\":\"wangwu\"}',1,'',1,NULL,'admin',NULL,NULL);

/*Table structure for table `gray_white_list_group` */

DROP TABLE IF EXISTS `gray_white_list_group`;

CREATE TABLE `gray_white_list_group` (
  `id` int(11) NOT NULL AUTO_INCREMENT COMMENT 'id',
  `name` varchar(100) DEFAULT NULL COMMENT '组名',
  `remark` varchar(200) DEFAULT NULL COMMENT '可以按照用户特征等将其分组',
  `status` int(11) DEFAULT NULL COMMENT '1可用，0不可用',
  `create_time` datetime DEFAULT NULL COMMENT '创建时间',
  `create_user` varchar(50) DEFAULT NULL COMMENT '创建人',
  `update_time` datetime DEFAULT NULL COMMENT '修改时间',
  `update_user` varchar(50) DEFAULT NULL COMMENT '修改人',
  PRIMARY KEY (`id`)
) ENGINE=InnoDB AUTO_INCREMENT=125 DEFAULT CHARSET=utf8 COMMENT='可以按照用户特征等进行分组';

/*Data for the table `gray_white_list_group` */

insert  into `gray_white_list_group`(`id`,`name`,`remark`,`status`,`create_time`,`create_user`,`update_time`,`update_user`) values (1,'网关测试','11大点的',1,'2017-01-01 12:00:00','zhangll','2017-03-16 16:33:43','admin'),(2,'p2p交易','111',1,'2017-03-16 15:03:43','zhangll','2017-03-16 16:56:39','admin'),(124,'111','1111',-1,'2017-03-23 11:08:07','admin',NULL,NULL);

/*!40101 SET SQL_MODE=@OLD_SQL_MODE */;
/*!40014 SET FOREIGN_KEY_CHECKS=@OLD_FOREIGN_KEY_CHECKS */;
